  com_electron_InjectorHook.cpp
x64\Release\v8_hook.obj : warning LNK4042: object specified more than once; extras ignored
     Creating library C:\Users\Administrator\source\repos\ElectronInjector\x64\Release\ElectronInjector.lib and object C:\Users\Administrator\source\repos\ElectronInjector\x64\Release\ElectronInjector.exp
  Generating code
  1 of 1205 functions (<0.1%) were compiled, the rest were copied from previous compilation.
    0 functions were new in current compilation
    2 functions had inline decision re-evaluated but remain unchanged
  Finished generating code
v8_monolith.lib(api.obj) : warning LNK4099: PDB '' was not found with 'v8_monolith.lib(api.obj)' or at ''; linking object as if no debug info
v8_monolith.lib(logging.obj) : warning LNK4099: PDB '' was not found with 'v8_monolith.lib(logging.obj)' or at ''; linking object as if no debug info
v8_monolith.lib(mutex.obj) : warning LNK4099: PDB '' was not found with 'v8_monolith.lib(mutex.obj)' or at ''; linking object as if no debug info
v8_monolith.lib(platform-win32.obj) : warning LNK4099: PDB '' was not found with 'v8_monolith.lib(platform-win32.obj)' or at ''; linking object as if no debug info
v8_monolith.lib(bits.obj) : warning LNK4099: PDB '' was not found with 'v8_monolith.lib(bits.obj)' or at ''; linking object as if no debug info
v8_monolith.lib(builtins.obj) : warning LNK4099: PDB '' was not found with 'v8_monolith.lib(builtins.obj)' or at ''; linking object as if no debug info
v8_monolith.lib(execution.obj) : warning LNK4099: PDB '' was not found with 'v8_monolith.lib(execution.obj)' or at ''; linking object as if no debug info
v8_monolith.lib(time.obj) : warning LNK4099: PDB '' was not found with 'v8_monolith.lib(time.obj)' or at ''; linking object as if no debug info
v8_monolith.lib(v8.obj) : warning LNK4099: PDB '' was not found with 'v8_monolith.lib(v8.obj)' or at ''; linking object as if no debug info
v8_monolith.lib(allocation.obj) : warning LNK4099: PDB '' was not found with 'v8_monolith.lib(allocation.obj)' or at ''; linking object as if no debug info
v8_monolith.lib(futex-emulation.obj) : warning LNK4099: PDB '' was not found with 'v8_monolith.lib(futex-emulation.obj)' or at ''; linking object as if no debug info
v8_monolith.lib(flags.obj) : warning LNK4099: PDB '' was not found with 'v8_monolith.lib(flags.obj)' or at ''; linking object as if no debug info
v8_monolith.lib(accessors.obj) : warning LNK4099: PDB '' was not found with 'v8_monolith.lib(accessors.obj)' or at ''; linking object as if no debug info
v8_monolith.lib(utils.obj) : warning LNK4099: PDB '' was not found with 'v8_monolith.lib(utils.obj)' or at ''; linking object as if no debug info
v8_monolith.lib(handles.obj) : warning LNK4099: PDB '' was not found with 'v8_monolith.lib(handles.obj)' or at ''; linking object as if no debug info
v8_monolith.lib(runtime-object.obj) : warning LNK4099: PDB '' was not found with 'v8_monolith.lib(runtime-object.obj)' or at ''; linking object as if no debug info
v8_monolith.lib(stack-guard.obj) : warning LNK4099: PDB '' was not found with 'v8_monolith.lib(stack-guard.obj)' or at ''; linking object as if no debug info
v8_monolith.lib(thread-id.obj) : warning LNK4099: PDB '' was not found with 'v8_monolith.lib(thread-id.obj)' or at ''; linking object as if no debug info
v8_monolith.lib(assert-scope.obj) : warning LNK4099: PDB '' was not found with 'v8_monolith.lib(assert-scope.obj)' or at ''; linking object as if no debug info
v8_monolith.lib(objects.obj) : warning LNK4099: PDB '' was not found with 'v8_monolith.lib(objects.obj)' or at ''; linking object as if no debug info
v8_monolith.lib(external-pointer-table.obj) : warning LNK4099: PDB '' was not found with 'v8_monolith.lib(external-pointer-table.obj)' or at ''; linking object as if no debug info
v8_monolith.lib(js-objects.obj) : warning LNK4099: PDB '' was not found with 'v8_monolith.lib(js-objects.obj)' or at ''; linking object as if no debug info
v8_monolith.lib(keys.obj) : warning LNK4099: PDB '' was not found with 'v8_monolith.lib(keys.obj)' or at ''; linking object as if no debug info
v8_monolith.lib(contexts.obj) : warning LNK4099: PDB '' was not found with 'v8_monolith.lib(contexts.obj)' or at ''; linking object as if no debug info
v8_monolith.lib(messages.obj) : warning LNK4099: PDB '' was not found with 'v8_monolith.lib(messages.obj)' or at ''; linking object as if no debug info
v8_monolith.lib(traced-handles.obj) : warning LNK4099: PDB '' was not found with 'v8_monolith.lib(traced-handles.obj)' or at ''; linking object as if no debug info
v8_monolith.lib(factory-base.obj) : warning LNK4099: PDB '' was not found with 'v8_monolith.lib(factory-base.obj)' or at ''; linking object as if no debug info
v8_monolith.lib(map.obj) : warning LNK4099: PDB '' was not found with 'v8_monolith.lib(map.obj)' or at ''; linking object as if no debug info
v8_monolith.lib(trace-event.obj) : warning LNK4099: PDB '' was not found with 'v8_monolith.lib(trace-event.obj)' or at ''; linking object as if no debug info
v8_monolith.lib(runtime-call-stats.obj) : warning LNK4099: PDB '' was not found with 'v8_monolith.lib(runtime-call-stats.obj)' or at ''; linking object as if no debug info
v8_monolith.lib(counters.obj) : warning LNK4099: PDB '' was not found with 'v8_monolith.lib(counters.obj)' or at ''; linking object as if no debug info
v8_monolith.lib(random-number-generator.obj) : warning LNK4099: PDB '' was not found with 'v8_monolith.lib(random-number-generator.obj)' or at ''; linking object as if no debug info
v8_monolith.lib(region-allocator.obj) : warning LNK4099: PDB '' was not found with 'v8_monolith.lib(region-allocator.obj)' or at ''; linking object as if no debug info
v8_monolith.lib(read-only-heap.obj) : warning LNK4099: PDB '' was not found with 'v8_monolith.lib(read-only-heap.obj)' or at ''; linking object as if no debug info
v8_monolith.lib(base-space.obj) : warning LNK4099: PDB '' was not found with 'v8_monolith.lib(base-space.obj)' or at ''; linking object as if no debug info
v8_monolith.lib(backing-store.obj) : warning LNK4099: PDB '' was not found with 'v8_monolith.lib(backing-store.obj)' or at ''; linking object as if no debug info
v8_monolith.lib(js-array-buffer.obj) : warning LNK4099: PDB '' was not found with 'v8_monolith.lib(js-array-buffer.obj)' or at ''; linking object as if no debug info
v8_monolith.lib(heap.obj) : warning LNK4099: PDB '' was not found with 'v8_monolith.lib(heap.obj)' or at ''; linking object as if no debug info
v8_monolith.lib(js-regexp.obj) : warning LNK4099: PDB '' was not found with 'v8_monolith.lib(js-regexp.obj)' or at ''; linking object as if no debug info
v8_monolith.lib(shared-function-info.obj) : warning LNK4099: PDB '' was not found with 'v8_monolith.lib(shared-function-info.obj)' or at ''; linking object as if no debug info
v8_monolith.lib(string.obj) : warning LNK4099: PDB '' was not found with 'v8_monolith.lib(string.obj)' or at ''; linking object as if no debug info
v8_monolith.lib(factory.obj) : warning LNK4099: PDB '' was not found with 'v8_monolith.lib(factory.obj)' or at ''; linking object as if no debug info
v8_monolith.lib(debug-objects.obj) : warning LNK4099: PDB '' was not found with 'v8_monolith.lib(debug-objects.obj)' or at ''; linking object as if no debug info
v8_monolith.lib(isolate.obj) : warning LNK4099: PDB '' was not found with 'v8_monolith.lib(isolate.obj)' or at ''; linking object as if no debug info
v8_monolith.lib(bigint.obj) : warning LNK4099: PDB '' was not found with 'v8_monolith.lib(bigint.obj)' or at ''; linking object as if no debug info
v8_monolith.lib(ordered-hash-table.obj) : warning LNK4099: PDB '' was not found with 'v8_monolith.lib(ordered-hash-table.obj)' or at ''; linking object as if no debug info
v8_monolith.lib(module.obj) : warning LNK4099: PDB '' was not found with 'v8_monolith.lib(module.obj)' or at ''; linking object as if no debug info
v8_monolith.lib(source-text-module.obj) : warning LNK4099: PDB '' was not found with 'v8_monolith.lib(source-text-module.obj)' or at ''; linking object as if no debug info
v8_monolith.lib(templates.obj) : warning LNK4099: PDB '' was not found with 'v8_monolith.lib(templates.obj)' or at ''; linking object as if no debug info
v8_monolith.lib(microtask-queue.obj) : warning LNK4099: PDB '' was not found with 'v8_monolith.lib(microtask-queue.obj)' or at ''; linking object as if no debug info
v8_monolith.lib(global-handles.obj) : warning LNK4099: PDB '' was not found with 'v8_monolith.lib(global-handles.obj)' or at ''; linking object as if no debug info
v8_monolith.lib(persistent-handles.obj) : warning LNK4099: PDB '' was not found with 'v8_monolith.lib(persistent-handles.obj)' or at ''; linking object as if no debug info
v8_monolith.lib(cross-heap-remembered-set.obj) : warning LNK4099: PDB '' was not found with 'v8_monolith.lib(cross-heap-remembered-set.obj)' or at ''; linking object as if no debug info
v8_monolith.lib(metrics.obj) : warning LNK4099: PDB '' was not found with 'v8_monolith.lib(metrics.obj)' or at ''; linking object as if no debug info
v8_monolith.lib(heap-write-barrier.obj) : warning LNK4099: PDB '' was not found with 'v8_monolith.lib(heap-write-barrier.obj)' or at ''; linking object as if no debug info
v8_monolith.lib(scope-info.obj) : warning LNK4099: PDB '' was not found with 'v8_monolith.lib(scope-info.obj)' or at ''; linking object as if no debug info
v8_monolith.lib(js-function.obj) : warning LNK4099: PDB '' was not found with 'v8_monolith.lib(js-function.obj)' or at ''; linking object as if no debug info
v8_monolith.lib(embedder-data-array.obj) : warning LNK4099: PDB '' was not found with 'v8_monolith.lib(embedder-data-array.obj)' or at ''; linking object as if no debug info
v8_monolith.lib(lookup-cache.obj) : warning LNK4099: PDB '' was not found with 'v8_monolith.lib(lookup-cache.obj)' or at ''; linking object as if no debug info
v8_monolith.lib(string-forwarding-table.obj) : warning LNK4099: PDB '' was not found with 'v8_monolith.lib(string-forwarding-table.obj)' or at ''; linking object as if no debug info
v8_monolith.lib(string-table.obj) : warning LNK4099: PDB '' was not found with 'v8_monolith.lib(string-table.obj)' or at ''; linking object as if no debug info
v8_monolith.lib(bootstrapper.obj) : warning LNK4099: PDB '' was not found with 'v8_monolith.lib(bootstrapper.obj)' or at ''; linking object as if no debug info
v8_monolith.lib(bytecode-array-iterator.obj) : warning LNK4099: PDB '' was not found with 'v8_monolith.lib(bytecode-array-iterator.obj)' or at ''; linking object as if no debug info
v8_monolith.lib(handler-outside.obj) : warning LNK4099: PDB '' was not found with 'v8_monolith.lib(handler-outside.obj)' or at ''; linking object as if no debug info
v8_monolith.lib(wasm-features.obj) : warning LNK4099: PDB '' was not found with 'v8_monolith.lib(wasm-features.obj)' or at ''; linking object as if no debug info
v8_monolith.lib(wasm-module.obj) : warning LNK4099: PDB '' was not found with 'v8_monolith.lib(wasm-module.obj)' or at ''; linking object as if no debug info
v8_monolith.lib(wasm-code-manager.obj) : warning LNK4099: PDB '' was not found with 'v8_monolith.lib(wasm-code-manager.obj)' or at ''; linking object as if no debug info
v8_monolith.lib(frames.obj) : warning LNK4099: PDB '' was not found with 'v8_monolith.lib(frames.obj)' or at ''; linking object as if no debug info
v8_monolith.lib(synthetic-module.obj) : warning LNK4099: PDB '' was not found with 'v8_monolith.lib(synthetic-module.obj)' or at ''; linking object as if no debug info
v8_monolith.lib(lookup.obj) : warning LNK4099: PDB '' was not found with 'v8_monolith.lib(lookup.obj)' or at ''; linking object as if no debug info
v8_monolith.lib(sandbox.obj) : warning LNK4099: PDB '' was not found with 'v8_monolith.lib(sandbox.obj)' or at ''; linking object as if no debug info
v8_monolith.lib(safepoint.obj) : warning LNK4099: PDB '' was not found with 'v8_monolith.lib(safepoint.obj)' or at ''; linking object as if no debug info
v8_monolith.lib(debug-interface.obj) : warning LNK4099: PDB '' was not found with 'v8_monolith.lib(debug-interface.obj)' or at ''; linking object as if no debug info
v8_monolith.lib(heap-profiler.obj) : warning LNK4099: PDB '' was not found with 'v8_monolith.lib(heap-profiler.obj)' or at ''; linking object as if no debug info
v8_monolith.lib(api-natives.obj) : warning LNK4099: PDB '' was not found with 'v8_monolith.lib(api-natives.obj)' or at ''; linking object as if no debug info
v8_monolith.lib(compilation-cache.obj) : warning LNK4099: PDB '' was not found with 'v8_monolith.lib(compilation-cache.obj)' or at ''; linking object as if no debug info
v8_monolith.lib(log.obj) : warning LNK4099: PDB '' was not found with 'v8_monolith.lib(log.obj)' or at ''; linking object as if no debug info
v8_monolith.lib(snapshot.obj) : warning LNK4099: PDB '' was not found with 'v8_monolith.lib(snapshot.obj)' or at ''; linking object as if no debug info
v8_monolith.lib(snapshot.obj) : warning LNK4099: PDB '' was not found with 'v8_monolith.lib(snapshot.obj)' or at ''; linking object as if no debug info
v8_monolith.lib(code-serializer.obj) : warning LNK4099: PDB '' was not found with 'v8_monolith.lib(code-serializer.obj)' or at ''; linking object as if no debug info
v8_monolith.lib(compiler.obj) : warning LNK4099: PDB '' was not found with 'v8_monolith.lib(compiler.obj)' or at ''; linking object as if no debug info
v8_monolith.lib(assembler-x64.obj) : warning LNK4099: PDB '' was not found with 'v8_monolith.lib(assembler-x64.obj)' or at ''; linking object as if no debug info
v8_monolith.lib(date.obj) : warning LNK4099: PDB '' was not found with 'v8_monolith.lib(date.obj)' or at ''; linking object as if no debug info
v8_monolith.lib(debug.obj) : warning LNK4099: PDB '' was not found with 'v8_monolith.lib(debug.obj)' or at ''; linking object as if no debug info
v8_monolith.lib(embedder-state.obj) : warning LNK4099: PDB '' was not found with 'v8_monolith.lib(embedder-state.obj)' or at ''; linking object as if no debug info
v8_monolith.lib(shared-object-conveyor-handles.obj) : warning LNK4099: PDB '' was not found with 'v8_monolith.lib(shared-object-conveyor-handles.obj)' or at ''; linking object as if no debug info
v8_monolith.lib(icu_util.obj) : warning LNK4099: PDB '' was not found with 'v8_monolith.lib(icu_util.obj)' or at ''; linking object as if no debug info
v8_monolith.lib(startup-data-util.obj) : warning LNK4099: PDB '' was not found with 'v8_monolith.lib(startup-data-util.obj)' or at ''; linking object as if no debug info
v8_monolith.lib(json-parser.obj) : warning LNK4099: PDB '' was not found with 'v8_monolith.lib(json-parser.obj)' or at ''; linking object as if no debug info
v8_monolith.lib(json-stringifier.obj) : warning LNK4099: PDB '' was not found with 'v8_monolith.lib(json-stringifier.obj)' or at ''; linking object as if no debug info
v8_monolith.lib(property-descriptor.obj) : warning LNK4099: PDB '' was not found with 'v8_monolith.lib(property-descriptor.obj)' or at ''; linking object as if no debug info
v8_monolith.lib(value-serializer.obj) : warning LNK4099: PDB '' was not found with 'v8_monolith.lib(value-serializer.obj)' or at ''; linking object as if no debug info
v8_monolith.lib(profile-generator.obj) : warning LNK4099: PDB '' was not found with 'v8_monolith.lib(profile-generator.obj)' or at ''; linking object as if no debug info
v8_monolith.lib(tick-sample.obj) : warning LNK4099: PDB '' was not found with 'v8_monolith.lib(tick-sample.obj)' or at ''; linking object as if no debug info
v8_monolith.lib(cpu-profiler.obj) : warning LNK4099: PDB '' was not found with 'v8_monolith.lib(cpu-profiler.obj)' or at ''; linking object as if no debug info
v8_monolith.lib(heap-snapshot-generator.obj) : warning LNK4099: PDB '' was not found with 'v8_monolith.lib(heap-snapshot-generator.obj)' or at ''; linking object as if no debug info
v8_monolith.lib(regexp-utils.obj) : warning LNK4099: PDB '' was not found with 'v8_monolith.lib(regexp-utils.obj)' or at ''; linking object as if no debug info
v8_monolith.lib(startup-serializer.obj) : warning LNK4099: PDB '' was not found with 'v8_monolith.lib(startup-serializer.obj)' or at ''; linking object as if no debug info
v8_monolith.lib(wasm-engine.obj) : warning LNK4099: PDB '' was not found with 'v8_monolith.lib(wasm-engine.obj)' or at ''; linking object as if no debug info
v8_monolith.lib(wasm-result.obj) : warning LNK4099: PDB '' was not found with 'v8_monolith.lib(wasm-result.obj)' or at ''; linking object as if no debug info
v8_monolith.lib(wasm-js.obj) : warning LNK4099: PDB '' was not found with 'v8_monolith.lib(wasm-js.obj)' or at ''; linking object as if no debug info
v8_monolith.lib(wasm-serialization.obj) : warning LNK4099: PDB '' was not found with 'v8_monolith.lib(wasm-serialization.obj)' or at ''; linking object as if no debug info
v8_monolith.lib(handler-inside-win.obj) : warning LNK4099: PDB '' was not found with 'v8_monolith.lib(handler-inside-win.obj)' or at ''; linking object as if no debug info
v8_monolith.lib(unwinding-info-win64.obj) : warning LNK4099: PDB '' was not found with 'v8_monolith.lib(unwinding-info-win64.obj)' or at ''; linking object as if no debug info
v8_monolith.lib(etw-jit-win.obj) : warning LNK4099: PDB '' was not found with 'v8_monolith.lib(etw-jit-win.obj)' or at ''; linking object as if no debug info
v8_monolith.lib(swiss-name-dictionary.obj) : warning LNK4099: PDB '' was not found with 'v8_monolith.lib(swiss-name-dictionary.obj)' or at ''; linking object as if no debug info
v8_monolith.lib(tracing-flags.obj) : warning LNK4099: PDB '' was not found with 'v8_monolith.lib(tracing-flags.obj)' or at ''; linking object as if no debug info
v8_monolith.lib(ptr-compr.obj) : warning LNK4099: PDB '' was not found with 'v8_monolith.lib(ptr-compr.obj)' or at ''; linking object as if no debug info
v8_monolith.lib(detachable-vector.obj) : warning LNK4099: PDB '' was not found with 'v8_monolith.lib(detachable-vector.obj)' or at ''; linking object as if no debug info
v8_monolith.lib(bytecodes.obj) : warning LNK4099: PDB '' was not found with 'v8_monolith.lib(bytecodes.obj)' or at ''; linking object as if no debug info
v8_monolith.lib(assembler.obj) : warning LNK4099: PDB '' was not found with 'v8_monolith.lib(assembler.obj)' or at ''; linking object as if no debug info
v8_monolith.lib(version.obj) : warning LNK4099: PDB '' was not found with 'v8_monolith.lib(version.obj)' or at ''; linking object as if no debug info
v8_monolith.lib(once.obj) : warning LNK4099: PDB '' was not found with 'v8_monolith.lib(once.obj)' or at ''; linking object as if no debug info
v8_monolith.lib(semaphore.obj) : warning LNK4099: PDB '' was not found with 'v8_monolith.lib(semaphore.obj)' or at ''; linking object as if no debug info
v8_monolith.lib(code-range.obj) : warning LNK4099: PDB '' was not found with 'v8_monolith.lib(code-range.obj)' or at ''; linking object as if no debug info
v8_monolith.lib(embedded-data.obj) : warning LNK4099: PDB '' was not found with 'v8_monolith.lib(embedded-data.obj)' or at ''; linking object as if no debug info
v8_monolith.lib(builtins-api.obj) : warning LNK4099: PDB '' was not found with 'v8_monolith.lib(builtins-api.obj)' or at ''; linking object as if no debug info
v8_monolith.lib(builtins-internal.obj) : warning LNK4099: PDB '' was not found with 'v8_monolith.lib(builtins-internal.obj)' or at ''; linking object as if no debug info
v8_monolith.lib(builtins-array.obj) : warning LNK4099: PDB '' was not found with 'v8_monolith.lib(builtins-array.obj)' or at ''; linking object as if no debug info
v8_monolith.lib(builtins-arraybuffer.obj) : warning LNK4099: PDB '' was not found with 'v8_monolith.lib(builtins-arraybuffer.obj)' or at ''; linking object as if no debug info
v8_monolith.lib(builtins-bigint.obj) : warning LNK4099: PDB '' was not found with 'v8_monolith.lib(builtins-bigint.obj)' or at ''; linking object as if no debug info
v8_monolith.lib(builtins-callsite.obj) : warning LNK4099: PDB '' was not found with 'v8_monolith.lib(builtins-callsite.obj)' or at ''; linking object as if no debug info
v8_monolith.lib(builtins-console.obj) : warning LNK4099: PDB '' was not found with 'v8_monolith.lib(builtins-console.obj)' or at ''; linking object as if no debug info
v8_monolith.lib(builtins-dataview.obj) : warning LNK4099: PDB '' was not found with 'v8_monolith.lib(builtins-dataview.obj)' or at ''; linking object as if no debug info
v8_monolith.lib(builtins-date.obj) : warning LNK4099: PDB '' was not found with 'v8_monolith.lib(builtins-date.obj)' or at ''; linking object as if no debug info
v8_monolith.lib(builtins-error.obj) : warning LNK4099: PDB '' was not found with 'v8_monolith.lib(builtins-error.obj)' or at ''; linking object as if no debug info
v8_monolith.lib(builtins-function.obj) : warning LNK4099: PDB '' was not found with 'v8_monolith.lib(builtins-function.obj)' or at ''; linking object as if no debug info
v8_monolith.lib(builtins-global.obj) : warning LNK4099: PDB '' was not found with 'v8_monolith.lib(builtins-global.obj)' or at ''; linking object as if no debug info
v8_monolith.lib(builtins-json.obj) : warning LNK4099: PDB '' was not found with 'v8_monolith.lib(builtins-json.obj)' or at ''; linking object as if no debug info
v8_monolith.lib(builtins-collections.obj) : warning LNK4099: PDB '' was not found with 'v8_monolith.lib(builtins-collections.obj)' or at ''; linking object as if no debug info
v8_monolith.lib(builtins-number.obj) : warning LNK4099: PDB '' was not found with 'v8_monolith.lib(builtins-number.obj)' or at ''; linking object as if no debug info
v8_monolith.lib(builtins-object.obj) : warning LNK4099: PDB '' was not found with 'v8_monolith.lib(builtins-object.obj)' or at ''; linking object as if no debug info
v8_monolith.lib(builtins-reflect.obj) : warning LNK4099: PDB '' was not found with 'v8_monolith.lib(builtins-reflect.obj)' or at ''; linking object as if no debug info
v8_monolith.lib(builtins-regexp.obj) : warning LNK4099: PDB '' was not found with 'v8_monolith.lib(builtins-regexp.obj)' or at ''; linking object as if no debug info
v8_monolith.lib(builtins-shadow-realm.obj) : warning LNK4099: PDB '' was not found with 'v8_monolith.lib(builtins-shadow-realm.obj)' or at ''; linking object as if no debug info
v8_monolith.lib(builtins-sharedarraybuffer.obj) : warning LNK4099: PDB '' was not found with 'v8_monolith.lib(builtins-sharedarraybuffer.obj)' or at ''; linking object as if no debug info
v8_monolith.lib(builtins-string.obj) : warning LNK4099: PDB '' was not found with 'v8_monolith.lib(builtins-string.obj)' or at ''; linking object as if no debug info
v8_monolith.lib(builtins-symbol.obj) : warning LNK4099: PDB '' was not found with 'v8_monolith.lib(builtins-symbol.obj)' or at ''; linking object as if no debug info
v8_monolith.lib(builtins-typed-array.obj) : warning LNK4099: PDB '' was not found with 'v8_monolith.lib(builtins-typed-array.obj)' or at ''; linking object as if no debug info
v8_monolith.lib(builtins-struct.obj) : warning LNK4099: PDB '' was not found with 'v8_monolith.lib(builtins-struct.obj)' or at ''; linking object as if no debug info
v8_monolith.lib(builtins-shared-array.obj) : warning LNK4099: PDB '' was not found with 'v8_monolith.lib(builtins-shared-array.obj)' or at ''; linking object as if no debug info
v8_monolith.lib(builtins-atomics-synchronization.obj) : warning LNK4099: PDB '' was not found with 'v8_monolith.lib(builtins-atomics-synchronization.obj)' or at ''; linking object as if no debug info
v8_monolith.lib(builtins-trace.obj) : warning LNK4099: PDB '' was not found with 'v8_monolith.lib(builtins-trace.obj)' or at ''; linking object as if no debug info
v8_monolith.lib(builtins-weak-refs.obj) : warning LNK4099: PDB '' was not found with 'v8_monolith.lib(builtins-weak-refs.obj)' or at ''; linking object as if no debug info
v8_monolith.lib(builtins-async-module.obj) : warning LNK4099: PDB '' was not found with 'v8_monolith.lib(builtins-async-module.obj)' or at ''; linking object as if no debug info
v8_monolith.lib(builtins-temporal.obj) : warning LNK4099: PDB '' was not found with 'v8_monolith.lib(builtins-temporal.obj)' or at ''; linking object as if no debug info
v8_monolith.lib(builtins-intl.obj) : warning LNK4099: PDB '' was not found with 'v8_monolith.lib(builtins-intl.obj)' or at ''; linking object as if no debug info
v8_monolith.lib(interface-descriptors.obj) : warning LNK4099: PDB '' was not found with 'v8_monolith.lib(interface-descriptors.obj)' or at ''; linking object as if no debug info
v8_monolith.lib(handler-shared.obj) : warning LNK4099: PDB '' was not found with 'v8_monolith.lib(handler-shared.obj)' or at ''; linking object as if no debug info
v8_monolith.lib(cpu.obj) : warning LNK4099: PDB '' was not found with 'v8_monolith.lib(cpu.obj)' or at ''; linking object as if no debug info
v8_monolith.lib(external-reference-table.obj) : warning LNK4099: PDB '' was not found with 'v8_monolith.lib(external-reference-table.obj)' or at ''; linking object as if no debug info
v8_monolith.lib(tracing-category-observer.obj) : warning LNK4099: PDB '' was not found with 'v8_monolith.lib(tracing-category-observer.obj)' or at ''; linking object as if no debug info
v8_monolith.lib(isolate-allocator.obj) : warning LNK4099: PDB '' was not found with 'v8_monolith.lib(isolate-allocator.obj)' or at ''; linking object as if no debug info
v8_monolith.lib(elements.obj) : warning LNK4099: PDB '' was not found with 'v8_monolith.lib(elements.obj)' or at ''; linking object as if no debug info
v8_monolith.lib(cpp-heap.obj) : warning LNK4099: PDB '' was not found with 'v8_monolith.lib(cpp-heap.obj)' or at ''; linking object as if no debug info
v8_monolith.lib(bounded-page-allocator.obj) : warning LNK4099: PDB '' was not found with 'v8_monolith.lib(bounded-page-allocator.obj)' or at ''; linking object as if no debug info
v8_monolith.lib(page-allocator.obj) : warning LNK4099: PDB '' was not found with 'v8_monolith.lib(page-allocator.obj)' or at ''; linking object as if no debug info
v8_monolith.lib(virtual-address-space.obj) : warning LNK4099: PDB '' was not found with 'v8_monolith.lib(virtual-address-space.obj)' or at ''; linking object as if no debug info
v8_monolith.lib(condition-variable.obj) : warning LNK4099: PDB '' was not found with 'v8_monolith.lib(condition-variable.obj)' or at ''; linking object as if no debug info
v8_monolith.lib(cancelable-task.obj) : warning LNK4099: PDB '' was not found with 'v8_monolith.lib(cancelable-task.obj)' or at ''; linking object as if no debug info
v8_monolith.lib(ostreams.obj) : warning LNK4099: PDB '' was not found with 'v8_monolith.lib(ostreams.obj)' or at ''; linking object as if no debug info
v8_monolith.lib(translated-state.obj) : warning LNK4099: PDB '' was not found with 'v8_monolith.lib(translated-state.obj)' or at ''; linking object as if no debug info
v8_monolith.lib(roots.obj) : warning LNK4099: PDB '' was not found with 'v8_monolith.lib(roots.obj)' or at ''; linking object as if no debug info
v8_monolith.lib(feedback-vector.obj) : warning LNK4099: PDB '' was not found with 'v8_monolith.lib(feedback-vector.obj)' or at ''; linking object as if no debug info
v8_monolith.lib(dependent-code.obj) : warning LNK4099: PDB '' was not found with 'v8_monolith.lib(dependent-code.obj)' or at ''; linking object as if no debug info
v8_monolith.lib(map-updater.obj) : warning LNK4099: PDB '' was not found with 'v8_monolith.lib(map-updater.obj)' or at ''; linking object as if no debug info
v8_monolith.lib(transitions.obj) : warning LNK4099: PDB '' was not found with 'v8_monolith.lib(transitions.obj)' or at ''; linking object as if no debug info
v8_monolith.lib(baseline-batch-compiler.obj) : warning LNK4099: PDB '' was not found with 'v8_monolith.lib(baseline-batch-compiler.obj)' or at ''; linking object as if no debug info
v8_monolith.lib(local-heap.obj) : warning LNK4099: PDB '' was not found with 'v8_monolith.lib(local-heap.obj)' or at ''; linking object as if no debug info
v8_monolith.lib(optimizing-compile-dispatcher.obj) : warning LNK4099: PDB '' was not found with 'v8_monolith.lib(optimizing-compile-dispatcher.obj)' or at ''; linking object as if no debug info
v8_monolith.lib(interrupts-scope.obj) : warning LNK4099: PDB '' was not found with 'v8_monolith.lib(interrupts-scope.obj)' or at ''; linking object as if no debug info
v8_monolith.lib(maglev-concurrent-dispatcher.obj) : warning LNK4099: PDB '' was not found with 'v8_monolith.lib(maglev-concurrent-dispatcher.obj)' or at ''; linking object as if no debug info
v8_monolith.lib(elements-kind.obj) : warning LNK4099: PDB '' was not found with 'v8_monolith.lib(elements-kind.obj)' or at ''; linking object as if no debug info
v8_monolith.lib(code-kind.obj) : warning LNK4099: PDB '' was not found with 'v8_monolith.lib(code-kind.obj)' or at ''; linking object as if no debug info
v8_monolith.lib(visitors.obj) : warning LNK4099: PDB '' was not found with 'v8_monolith.lib(visitors.obj)' or at ''; linking object as if no debug info
v8_monolith.lib(local-handles.obj) : warning LNK4099: PDB '' was not found with 'v8_monolith.lib(local-handles.obj)' or at ''; linking object as if no debug info
v8_monolith.lib(api-arguments.obj) : warning LNK4099: PDB '' was not found with 'v8_monolith.lib(api-arguments.obj)' or at ''; linking object as if no debug info
v8_monolith.lib(objects-printer.obj) : warning LNK4099: PDB '' was not found with 'v8_monolith.lib(objects-printer.obj)' or at ''; linking object as if no debug info
v8_monolith.lib(literal-objects.obj) : warning LNK4099: PDB '' was not found with 'v8_monolith.lib(literal-objects.obj)' or at ''; linking object as if no debug info
v8_monolith.lib(field-type.obj) : warning LNK4099: PDB '' was not found with 'v8_monolith.lib(field-type.obj)' or at ''; linking object as if no debug info
v8_monolith.lib(abstract-code.obj) : warning LNK4099: PDB '' was not found with 'v8_monolith.lib(abstract-code.obj)' or at ''; linking object as if no debug info
v8_monolith.lib(reloc-info.obj) : warning LNK4099: PDB '' was not found with 'v8_monolith.lib(reloc-info.obj)' or at ''; linking object as if no debug info
v8_monolith.lib(string-builder.obj) : warning LNK4099: PDB '' was not found with 'v8_monolith.lib(string-builder.obj)' or at ''; linking object as if no debug info
v8_monolith.lib(string-stream.obj) : warning LNK4099: PDB '' was not found with 'v8_monolith.lib(string-stream.obj)' or at ''; linking object as if no debug info
v8_monolith.lib(hex-format.obj) : warning LNK4099: PDB '' was not found with 'v8_monolith.lib(hex-format.obj)' or at ''; linking object as if no debug info
v8_monolith.lib(sha-256.obj) : warning LNK4099: PDB '' was not found with 'v8_monolith.lib(sha-256.obj)' or at ''; linking object as if no debug info
v8_monolith.lib(property.obj) : warning LNK4099: PDB '' was not found with 'v8_monolith.lib(property.obj)' or at ''; linking object as if no debug info
v8_monolith.lib(js-struct.obj) : warning LNK4099: PDB '' was not found with 'v8_monolith.lib(js-struct.obj)' or at ''; linking object as if no debug info
v8_monolith.lib(zone.obj) : warning LNK4099: PDB '' was not found with 'v8_monolith.lib(zone.obj)' or at ''; linking object as if no debug info
v8_monolith.lib(modules.obj) : warning LNK4099: PDB '' was not found with 'v8_monolith.lib(modules.obj)' or at ''; linking object as if no debug info
v8_monolith.lib(ast-value-factory.obj) : warning LNK4099: PDB '' was not found with 'v8_monolith.lib(ast-value-factory.obj)' or at ''; linking object as if no debug info
v8_monolith.lib(parse-info.obj) : warning LNK4099: PDB '' was not found with 'v8_monolith.lib(parse-info.obj)' or at ''; linking object as if no debug info
v8_monolith.lib(ast.obj) : warning LNK4099: PDB '' was not found with 'v8_monolith.lib(ast.obj)' or at ''; linking object as if no debug info
v8_monolith.lib(prettyprinter.obj) : warning LNK4099: PDB '' was not found with 'v8_monolith.lib(prettyprinter.obj)' or at ''; linking object as if no debug info
v8_monolith.lib(call-site-info.obj) : warning LNK4099: PDB '' was not found with 'v8_monolith.lib(call-site-info.obj)' or at ''; linking object as if no debug info
v8_monolith.lib(parsing.obj) : warning LNK4099: PDB '' was not found with 'v8_monolith.lib(parsing.obj)' or at ''; linking object as if no debug info
v8_monolith.lib(heap-page.obj) : warning LNK4099: PDB '' was not found with 'v8_monolith.lib(heap-page.obj)' or at ''; linking object as if no debug info
v8_monolith.lib(factory.obj) : warning LNK4099: PDB '' was not found with 'v8_monolith.lib(factory.obj)' or at ''; linking object as if no debug info
v8_monolith.lib(conversions.obj) : warning LNK4099: PDB '' was not found with 'v8_monolith.lib(conversions.obj)' or at ''; linking object as if no debug info
v8_monolith.lib(local-factory.obj) : warning LNK4099: PDB '' was not found with 'v8_monolith.lib(local-factory.obj)' or at ''; linking object as if no debug info
v8_monolith.lib(local-isolate.obj) : warning LNK4099: PDB '' was not found with 'v8_monolith.lib(local-isolate.obj)' or at ''; linking object as if no debug info
v8_monolith.lib(local-logger.obj) : warning LNK4099: PDB '' was not found with 'v8_monolith.lib(local-logger.obj)' or at ''; linking object as if no debug info
v8_monolith.lib(traced-value.obj) : warning LNK4099: PDB '' was not found with 'v8_monolith.lib(traced-value.obj)' or at ''; linking object as if no debug info
v8_monolith.lib(memory-chunk-layout.obj) : warning LNK4099: PDB '' was not found with 'v8_monolith.lib(memory-chunk-layout.obj)' or at ''; linking object as if no debug info
v8_monolith.lib(read-only-spaces.obj) : warning LNK4099: PDB '' was not found with 'v8_monolith.lib(read-only-spaces.obj)' or at ''; linking object as if no debug info
v8_monolith.lib(deserializer.obj) : warning LNK4099: PDB '' was not found with 'v8_monolith.lib(deserializer.obj)' or at ''; linking object as if no debug info
v8_monolith.lib(read-only-deserializer.obj) : warning LNK4099: PDB '' was not found with 'v8_monolith.lib(read-only-deserializer.obj)' or at ''; linking object as if no debug info
v8_monolith.lib(wasm-objects.obj) : warning LNK4099: PDB '' was not found with 'v8_monolith.lib(wasm-objects.obj)' or at ''; linking object as if no debug info
v8_monolith.lib(protectors.obj) : warning LNK4099: PDB '' was not found with 'v8_monolith.lib(protectors.obj)' or at ''; linking object as if no debug info
v8_monolith.lib(allocation-observer.obj) : warning LNK4099: PDB '' was not found with 'v8_monolith.lib(allocation-observer.obj)' or at ''; linking object as if no debug info
v8_monolith.lib(heap-allocator.obj) : warning LNK4099: PDB '' was not found with 'v8_monolith.lib(heap-allocator.obj)' or at ''; linking object as if no debug info
v8_monolith.lib(pretenuring-handler.obj) : warning LNK4099: PDB '' was not found with 'v8_monolith.lib(pretenuring-handler.obj)' or at ''; linking object as if no debug info
v8_monolith.lib(gc-tracer.obj) : warning LNK4099: PDB '' was not found with 'v8_monolith.lib(gc-tracer.obj)' or at ''; linking object as if no debug info
v8_monolith.lib(slot-set.obj) : warning LNK4099: PDB '' was not found with 'v8_monolith.lib(slot-set.obj)' or at ''; linking object as if no debug info
v8_monolith.lib(memory-chunk.obj) : warning LNK4099: PDB '' was not found with 'v8_monolith.lib(memory-chunk.obj)' or at ''; linking object as if no debug info
v8_monolith.lib(free-list.obj) : warning LNK4099: PDB '' was not found with 'v8_monolith.lib(free-list.obj)' or at ''; linking object as if no debug info
v8_monolith.lib(spaces.obj) : warning LNK4099: PDB '' was not found with 'v8_monolith.lib(spaces.obj)' or at ''; linking object as if no debug info
v8_monolith.lib(memory-allocator.obj) : warning LNK4099: PDB '' was not found with 'v8_monolith.lib(memory-allocator.obj)' or at ''; linking object as if no debug info
v8_monolith.lib(sweeper.obj) : warning LNK4099: PDB '' was not found with 'v8_monolith.lib(sweeper.obj)' or at ''; linking object as if no debug info
v8_monolith.lib(concurrent-allocator.obj) : warning LNK4099: PDB '' was not found with 'v8_monolith.lib(concurrent-allocator.obj)' or at ''; linking object as if no debug info
v8_monolith.lib(code-object-registry.obj) : warning LNK4099: PDB '' was not found with 'v8_monolith.lib(code-object-registry.obj)' or at ''; linking object as if no debug info
v8_monolith.lib(incremental-marking-job.obj) : warning LNK4099: PDB '' was not found with 'v8_monolith.lib(incremental-marking-job.obj)' or at ''; linking object as if no debug info
v8_monolith.lib(worklist.obj) : warning LNK4099: PDB '' was not found with 'v8_monolith.lib(worklist.obj)' or at ''; linking object as if no debug info
v8_monolith.lib(marker.obj) : warning LNK4099: PDB '' was not found with 'v8_monolith.lib(marker.obj)' or at ''; linking object as if no debug info
v8_monolith.lib(heap-base.obj) : warning LNK4099: PDB '' was not found with 'v8_monolith.lib(heap-base.obj)' or at ''; linking object as if no debug info
v8_monolith.lib(memory-measurement.obj) : warning LNK4099: PDB '' was not found with 'v8_monolith.lib(memory-measurement.obj)' or at ''; linking object as if no debug info
v8_monolith.lib(concurrent-marking.obj) : warning LNK4099: PDB '' was not found with 'v8_monolith.lib(concurrent-marking.obj)' or at ''; linking object as if no debug info
v8_monolith.lib(mark-compact.obj) : warning LNK4099: PDB '' was not found with 'v8_monolith.lib(mark-compact.obj)' or at ''; linking object as if no debug info
v8_monolith.lib(incremental-marking.obj) : warning LNK4099: PDB '' was not found with 'v8_monolith.lib(incremental-marking.obj)' or at ''; linking object as if no debug info
v8_monolith.lib(large-spaces.obj) : warning LNK4099: PDB '' was not found with 'v8_monolith.lib(large-spaces.obj)' or at ''; linking object as if no debug info
v8_monolith.lib(paged-spaces.obj) : warning LNK4099: PDB '' was not found with 'v8_monolith.lib(paged-spaces.obj)' or at ''; linking object as if no debug info
v8_monolith.lib(new-spaces.obj) : warning LNK4099: PDB '' was not found with 'v8_monolith.lib(new-spaces.obj)' or at ''; linking object as if no debug info
v8_monolith.lib(marking-barrier.obj) : warning LNK4099: PDB '' was not found with 'v8_monolith.lib(marking-barrier.obj)' or at ''; linking object as if no debug info
v8_monolith.lib(stub-cache.obj) : warning LNK4099: PDB '' was not found with 'v8_monolith.lib(stub-cache.obj)' or at ''; linking object as if no debug info
v8_monolith.lib(deoptimizer.obj) : warning LNK4099: PDB '' was not found with 'v8_monolith.lib(deoptimizer.obj)' or at ''; linking object as if no debug info
v8_monolith.lib(v8threads.obj) : warning LNK4099: PDB '' was not found with 'v8_monolith.lib(v8threads.obj)' or at ''; linking object as if no debug info
v8_monolith.lib(array-buffer-sweeper.obj) : warning LNK4099: PDB '' was not found with 'v8_monolith.lib(array-buffer-sweeper.obj)' or at ''; linking object as if no debug info
v8_monolith.lib(code-stats.obj) : warning LNK4099: PDB '' was not found with 'v8_monolith.lib(code-stats.obj)' or at ''; linking object as if no debug info
v8_monolith.lib(collection-barrier.obj) : warning LNK4099: PDB '' was not found with 'v8_monolith.lib(collection-barrier.obj)' or at ''; linking object as if no debug info
v8_monolith.lib(finalization-registry-cleanup-task.obj) : warning LNK4099: PDB '' was not found with 'v8_monolith.lib(finalization-registry-cleanup-task.obj)' or at ''; linking object as if no debug info
v8_monolith.lib(gc-idle-time-handler.obj) : warning LNK4099: PDB '' was not found with 'v8_monolith.lib(gc-idle-time-handler.obj)' or at ''; linking object as if no debug info
v8_monolith.lib(heap-layout-tracer.obj) : warning LNK4099: PDB '' was not found with 'v8_monolith.lib(heap-layout-tracer.obj)' or at ''; linking object as if no debug info
v8_monolith.lib(memory-reducer.obj) : warning LNK4099: PDB '' was not found with 'v8_monolith.lib(memory-reducer.obj)' or at ''; linking object as if no debug info
v8_monolith.lib(minor-gc-job.obj) : warning LNK4099: PDB '' was not found with 'v8_monolith.lib(minor-gc-job.obj)' or at ''; linking object as if no debug info
v8_monolith.lib(object-stats.obj) : warning LNK4099: PDB '' was not found with 'v8_monolith.lib(object-stats.obj)' or at ''; linking object as if no debug info
v8_monolith.lib(scavenger.obj) : warning LNK4099: PDB '' was not found with 'v8_monolith.lib(scavenger.obj)' or at ''; linking object as if no debug info
v8_monolith.lib(stress-scavenge-observer.obj) : warning LNK4099: PDB '' was not found with 'v8_monolith.lib(stress-scavenge-observer.obj)' or at ''; linking object as if no debug info
v8_monolith.lib(regexp.obj) : warning LNK4099: PDB '' was not found with 'v8_monolith.lib(regexp.obj)' or at ''; linking object as if no debug info
v8_monolith.lib(serializer-deserializer.obj) : warning LNK4099: PDB '' was not found with 'v8_monolith.lib(serializer-deserializer.obj)' or at ''; linking object as if no debug info
v8_monolith.lib(heap-controller.obj) : warning LNK4099: PDB '' was not found with 'v8_monolith.lib(heap-controller.obj)' or at ''; linking object as if no debug info
v8_monolith.lib(objects-visiting.obj) : warning LNK4099: PDB '' was not found with 'v8_monolith.lib(objects-visiting.obj)' or at ''; linking object as if no debug info
v8_monolith.lib(bailout-reason.obj) : warning LNK4099: PDB '' was not found with 'v8_monolith.lib(bailout-reason.obj)' or at ''; linking object as if no debug info
v8_monolith.lib(scopes.obj) : warning LNK4099: PDB '' was not found with 'v8_monolith.lib(scopes.obj)' or at ''; linking object as if no debug info
v8_monolith.lib(char-predicates.obj) : warning LNK4099: PDB '' was not found with 'v8_monolith.lib(char-predicates.obj)' or at ''; linking object as if no debug info
v8_monolith.lib(string-comparator.obj) : warning LNK4099: PDB '' was not found with 'v8_monolith.lib(string-comparator.obj)' or at ''; linking object as if no debug info
v8_monolith.lib(accounting-allocator.obj) : warning LNK4099: PDB '' was not found with 'v8_monolith.lib(accounting-allocator.obj)' or at ''; linking object as if no debug info
v8_monolith.lib(code.obj) : warning LNK4099: PDB '' was not found with 'v8_monolith.lib(code.obj)' or at ''; linking object as if no debug info
v8_monolith.lib(unicode-decoder.obj) : warning LNK4099: PDB '' was not found with 'v8_monolith.lib(unicode-decoder.obj)' or at ''; linking object as if no debug info
v8_monolith.lib(constants-table-builder.obj) : warning LNK4099: PDB '' was not found with 'v8_monolith.lib(constants-table-builder.obj)' or at ''; linking object as if no debug info
v8_monolith.lib(bytecode-array.obj) : warning LNK4099: PDB '' was not found with 'v8_monolith.lib(bytecode-array.obj)' or at ''; linking object as if no debug info
v8_monolith.lib(basic-block-profiler.obj) : warning LNK4099: PDB '' was not found with 'v8_monolith.lib(basic-block-profiler.obj)' or at ''; linking object as if no debug info
v8_monolith.lib(module-instantiate.obj) : warning LNK4099: PDB '' was not found with 'v8_monolith.lib(module-instantiate.obj)' or at ''; linking object as if no debug info
v8_monolith.lib(deoptimization-data.obj) : warning LNK4099: PDB '' was not found with 'v8_monolith.lib(deoptimization-data.obj)' or at ''; linking object as if no debug info
v8_monolith.lib(tiering-manager.obj) : warning LNK4099: PDB '' was not found with 'v8_monolith.lib(tiering-manager.obj)' or at ''; linking object as if no debug info
v8_monolith.lib(debug-frames.obj) : warning LNK4099: PDB '' was not found with 'v8_monolith.lib(debug-frames.obj)' or at ''; linking object as if no debug info
v8_monolith.lib(debug-evaluate.obj) : warning LNK4099: PDB '' was not found with 'v8_monolith.lib(debug-evaluate.obj)' or at ''; linking object as if no debug info
v8_monolith.lib(platform.obj) : warning LNK4099: PDB '' was not found with 'v8_monolith.lib(platform.obj)' or at ''; linking object as if no debug info
v8_monolith.lib(thread-local-top.obj) : warning LNK4099: PDB '' was not found with 'v8_monolith.lib(thread-local-top.obj)' or at ''; linking object as if no debug info
v8_monolith.lib(memcopy.obj) : warning LNK4099: PDB '' was not found with 'v8_monolith.lib(memcopy.obj)' or at ''; linking object as if no debug info
v8_monolith.lib(stack.obj) : warning LNK4099: PDB '' was not found with 'v8_monolith.lib(stack.obj)' or at ''; linking object as if no debug info
v8_monolith.lib(strings.obj) : warning LNK4099: PDB '' was not found with 'v8_monolith.lib(strings.obj)' or at ''; linking object as if no debug info
v8_monolith.lib(code-memory-access.obj) : warning LNK4099: PDB '' was not found with 'v8_monolith.lib(code-memory-access.obj)' or at ''; linking object as if no debug info
v8_monolith.lib(stacks.obj) : warning LNK4099: PDB '' was not found with 'v8_monolith.lib(stacks.obj)' or at ''; linking object as if no debug info
v8_monolith.lib(frame-constants-x64.obj) : warning LNK4099: PDB '' was not found with 'v8_monolith.lib(frame-constants-x64.obj)' or at ''; linking object as if no debug info
v8_monolith.lib(handler-table.obj) : warning LNK4099: PDB '' was not found with 'v8_monolith.lib(handler-table.obj)' or at ''; linking object as if no debug info
v8_monolith.lib(identity-map.obj) : warning LNK4099: PDB '' was not found with 'v8_monolith.lib(identity-map.obj)' or at ''; linking object as if no debug info
v8_monolith.lib(managed.obj) : warning LNK4099: PDB '' was not found with 'v8_monolith.lib(managed.obj)' or at ''; linking object as if no debug info
v8_monolith.lib(bigint-internal.obj) : warning LNK4099: PDB '' was not found with 'v8_monolith.lib(bigint-internal.obj)' or at ''; linking object as if no debug info
v8_monolith.lib(lazy-compile-dispatcher.obj) : warning LNK4099: PDB '' was not found with 'v8_monolith.lib(lazy-compile-dispatcher.obj)' or at ''; linking object as if no debug info
v8_monolith.lib(materialized-object-store.obj) : warning LNK4099: PDB '' was not found with 'v8_monolith.lib(materialized-object-store.obj)' or at ''; linking object as if no debug info
v8_monolith.lib(compilation-statistics.obj) : warning LNK4099: PDB '' was not found with 'v8_monolith.lib(compilation-statistics.obj)' or at ''; linking object as if no debug info
v8_monolith.lib(setup-isolate-deserialize.obj) : warning LNK4099: PDB '' was not found with 'v8_monolith.lib(setup-isolate-deserialize.obj)' or at ''; linking object as if no debug info
v8_monolith.lib(interpreter.obj) : warning LNK4099: PDB '' was not found with 'v8_monolith.lib(interpreter.obj)' or at ''; linking object as if no debug info
v8_monolith.lib(sampler.obj) : warning LNK4099: PDB '' was not found with 'v8_monolith.lib(sampler.obj)' or at ''; linking object as if no debug info
v8_monolith.lib(tracing-cpu-profiler.obj) : warning LNK4099: PDB '' was not found with 'v8_monolith.lib(tracing-cpu-profiler.obj)' or at ''; linking object as if no debug info
v8_monolith.lib(regexp-stack.obj) : warning LNK4099: PDB '' was not found with 'v8_monolith.lib(regexp-stack.obj)' or at ''; linking object as if no debug info
v8_monolith.lib(shared-heap-deserializer.obj) : warning LNK4099: PDB '' was not found with 'v8_monolith.lib(shared-heap-deserializer.obj)' or at ''; linking object as if no debug info
v8_monolith.lib(startup-deserializer.obj) : warning LNK4099: PDB '' was not found with 'v8_monolith.lib(startup-deserializer.obj)' or at ''; linking object as if no debug info
v8_monolith.lib(locid.obj) : warning LNK4099: PDB '' was not found with 'v8_monolith.lib(locid.obj)' or at ''; linking object as if no debug info
v8_monolith.lib(intl-objects.obj) : warning LNK4099: PDB '' was not found with 'v8_monolith.lib(intl-objects.obj)' or at ''; linking object as if no debug info
v8_monolith.lib(vector-arithmetic.obj) : warning LNK4099: PDB '' was not found with 'v8_monolith.lib(vector-arithmetic.obj)' or at ''; linking object as if no debug info
v8_monolith.lib(bitwise.obj) : warning LNK4099: PDB '' was not found with 'v8_monolith.lib(bitwise.obj)' or at ''; linking object as if no debug info
v8_monolith.lib(tostring.obj) : warning LNK4099: PDB '' was not found with 'v8_monolith.lib(tostring.obj)' or at ''; linking object as if no debug info
v8_monolith.lib(fromstring.obj) : warning LNK4099: PDB '' was not found with 'v8_monolith.lib(fromstring.obj)' or at ''; linking object as if no debug info
v8_monolith.lib(task-utils.obj) : warning LNK4099: PDB '' was not found with 'v8_monolith.lib(task-utils.obj)' or at ''; linking object as if no debug info
v8_monolith.lib(baseline.obj) : warning LNK4099: PDB '' was not found with 'v8_monolith.lib(baseline.obj)' or at ''; linking object as if no debug info
v8_monolith.lib(ic.obj) : warning LNK4099: PDB '' was not found with 'v8_monolith.lib(ic.obj)' or at ''; linking object as if no debug info
v8_monolith.lib(ieee754.obj) : warning LNK4099: PDB '' was not found with 'v8_monolith.lib(ieee754.obj)' or at ''; linking object as if no debug info
v8_monolith.lib(cputracemark-extension.obj) : warning LNK4099: PDB '' was not found with 'v8_monolith.lib(cputracemark-extension.obj)' or at ''; linking object as if no debug info
v8_monolith.lib(externalize-string-extension.obj) : warning LNK4099: PDB '' was not found with 'v8_monolith.lib(externalize-string-extension.obj)' or at ''; linking object as if no debug info
v8_monolith.lib(gc-extension.obj) : warning LNK4099: PDB '' was not found with 'v8_monolith.lib(gc-extension.obj)' or at ''; linking object as if no debug info
v8_monolith.lib(ignition-statistics-extension.obj) : warning LNK4099: PDB '' was not found with 'v8_monolith.lib(ignition-statistics-extension.obj)' or at ''; linking object as if no debug info
v8_monolith.lib(statistics-extension.obj) : warning LNK4099: PDB '' was not found with 'v8_monolith.lib(statistics-extension.obj)' or at ''; linking object as if no debug info
v8_monolith.lib(trigger-failure-extension.obj) : warning LNK4099: PDB '' was not found with 'v8_monolith.lib(trigger-failure-extension.obj)' or at ''; linking object as if no debug info
v8_monolith.lib(math-random.obj) : warning LNK4099: PDB '' was not found with 'v8_monolith.lib(math-random.obj)' or at ''; linking object as if no debug info
v8_monolith.lib(bytecode-register.obj) : warning LNK4099: PDB '' was not found with 'v8_monolith.lib(bytecode-register.obj)' or at ''; linking object as if no debug info
v8_monolith.lib(bytecode-decoder.obj) : warning LNK4099: PDB '' was not found with 'v8_monolith.lib(bytecode-decoder.obj)' or at ''; linking object as if no debug info
v8_monolith.lib(interpreter-intrinsics.obj) : warning LNK4099: PDB '' was not found with 'v8_monolith.lib(interpreter-intrinsics.obj)' or at ''; linking object as if no debug info
v8_monolith.lib(handler-outside-win.obj) : warning LNK4099: PDB '' was not found with 'v8_monolith.lib(handler-outside-win.obj)' or at ''; linking object as if no debug info
v8_monolith.lib(module-decoder.obj) : warning LNK4099: PDB '' was not found with 'v8_monolith.lib(module-decoder.obj)' or at ''; linking object as if no debug info
v8_monolith.lib(operations-barrier.obj) : warning LNK4099: PDB '' was not found with 'v8_monolith.lib(operations-barrier.obj)' or at ''; linking object as if no debug info
v8_monolith.lib(module-compiler.obj) : warning LNK4099: PDB '' was not found with 'v8_monolith.lib(module-compiler.obj)' or at ''; linking object as if no debug info
v8_monolith.lib(wasm-module-sourcemap.obj) : warning LNK4099: PDB '' was not found with 'v8_monolith.lib(wasm-module-sourcemap.obj)' or at ''; linking object as if no debug info
v8_monolith.lib(flush-instruction-cache.obj) : warning LNK4099: PDB '' was not found with 'v8_monolith.lib(flush-instruction-cache.obj)' or at ''; linking object as if no debug info
v8_monolith.lib(source-position-table.obj) : warning LNK4099: PDB '' was not found with 'v8_monolith.lib(source-position-table.obj)' or at ''; linking object as if no debug info
v8_monolith.lib(macro-assembler-base.obj) : warning LNK4099: PDB '' was not found with 'v8_monolith.lib(macro-assembler-base.obj)' or at ''; linking object as if no debug info
v8_monolith.lib(macro-assembler-x64.obj) : warning LNK4099: PDB '' was not found with 'v8_monolith.lib(macro-assembler-x64.obj)' or at ''; linking object as if no debug info
v8_monolith.lib(code-space-access.obj) : warning LNK4099: PDB '' was not found with 'v8_monolith.lib(code-space-access.obj)' or at ''; linking object as if no debug info
v8_monolith.lib(jump-table-assembler.obj) : warning LNK4099: PDB '' was not found with 'v8_monolith.lib(jump-table-assembler.obj)' or at ''; linking object as if no debug info
v8_monolith.lib(wasm-import-wrapper-cache.obj) : warning LNK4099: PDB '' was not found with 'v8_monolith.lib(wasm-import-wrapper-cache.obj)' or at ''; linking object as if no debug info
v8_monolith.lib(names-provider.obj) : warning LNK4099: PDB '' was not found with 'v8_monolith.lib(names-provider.obj)' or at ''; linking object as if no debug info
v8_monolith.lib(pgo.obj) : warning LNK4099: PDB '' was not found with 'v8_monolith.lib(pgo.obj)' or at ''; linking object as if no debug info
v8_monolith.lib(wasm-debug.obj) : warning LNK4099: PDB '' was not found with 'v8_monolith.lib(wasm-debug.obj)' or at ''; linking object as if no debug info
v8_monolith.lib(safepoint-table.obj) : warning LNK4099: PDB '' was not found with 'v8_monolith.lib(safepoint-table.obj)' or at ''; linking object as if no debug info
v8_monolith.lib(maglev-safepoint-table.obj) : warning LNK4099: PDB '' was not found with 'v8_monolith.lib(maglev-safepoint-table.obj)' or at ''; linking object as if no debug info
v8_monolith.lib(translation-array.obj) : warning LNK4099: PDB '' was not found with 'v8_monolith.lib(translation-array.obj)' or at ''; linking object as if no debug info
v8_monolith.lib(bytecode-offset-iterator.obj) : warning LNK4099: PDB '' was not found with 'v8_monolith.lib(bytecode-offset-iterator.obj)' or at ''; linking object as if no debug info
v8_monolith.lib(ic-stats.obj) : warning LNK4099: PDB '' was not found with 'v8_monolith.lib(ic-stats.obj)' or at ''; linking object as if no debug info
v8_monolith.lib(debug-wasm-objects.obj) : warning LNK4099: PDB '' was not found with 'v8_monolith.lib(debug-wasm-objects.obj)' or at ''; linking object as if no debug info
v8_monolith.lib(emulated-virtual-address-subspace.obj) : warning LNK4099: PDB '' was not found with 'v8_monolith.lib(emulated-virtual-address-subspace.obj)' or at ''; linking object as if no debug info
v8_monolith.lib(sys-info.obj) : warning LNK4099: PDB '' was not found with 'v8_monolith.lib(sys-info.obj)' or at ''; linking object as if no debug info
v8_monolith.lib(virtual-address-space-page-allocator.obj) : warning LNK4099: PDB '' was not found with 'v8_monolith.lib(virtual-address-space-page-allocator.obj)' or at ''; linking object as if no debug info
v8_monolith.lib(runtime-debug.obj) : warning LNK4099: PDB '' was not found with 'v8_monolith.lib(runtime-debug.obj)' or at ''; linking object as if no debug info
v8_monolith.lib(debug-coverage.obj) : warning LNK4099: PDB '' was not found with 'v8_monolith.lib(debug-coverage.obj)' or at ''; linking object as if no debug info
v8_monolith.lib(debug-property-iterator.obj) : warning LNK4099: PDB '' was not found with 'v8_monolith.lib(debug-property-iterator.obj)' or at ''; linking object as if no debug info
v8_monolith.lib(debug-stack-trace-iterator.obj) : warning LNK4099: PDB '' was not found with 'v8_monolith.lib(debug-stack-trace-iterator.obj)' or at ''; linking object as if no debug info
v8_monolith.lib(wasm-disassembler.obj) : warning LNK4099: PDB '' was not found with 'v8_monolith.lib(wasm-disassembler.obj)' or at ''; linking object as if no debug info
v8_monolith.lib(combined-heap.obj) : warning LNK4099: PDB '' was not found with 'v8_monolith.lib(combined-heap.obj)' or at ''; linking object as if no debug info
v8_monolith.lib(allocation-tracker.obj) : warning LNK4099: PDB '' was not found with 'v8_monolith.lib(allocation-tracker.obj)' or at ''; linking object as if no debug info
v8_monolith.lib(strings-storage.obj) : warning LNK4099: PDB '' was not found with 'v8_monolith.lib(strings-storage.obj)' or at ''; linking object as if no debug info
v8_monolith.lib(sampling-heap-profiler.obj) : warning LNK4099: PDB '' was not found with 'v8_monolith.lib(sampling-heap-profiler.obj)' or at ''; linking object as if no debug info
v8_monolith.lib(compilation-cache-table.obj) : warning LNK4099: PDB '' was not found with 'v8_monolith.lib(compilation-cache-table.obj)' or at ''; linking object as if no debug info
v8_monolith.lib(source-position.obj) : warning LNK4099: PDB '' was not found with 'v8_monolith.lib(source-position.obj)' or at ''; linking object as if no debug info
v8_monolith.lib(deoptimize-reason.obj) : warning LNK4099: PDB '' was not found with 'v8_monolith.lib(deoptimize-reason.obj)' or at ''; linking object as if no debug info
v8_monolith.lib(log-file.obj) : warning LNK4099: PDB '' was not found with 'v8_monolith.lib(log-file.obj)' or at ''; linking object as if no debug info
v8_monolith.lib(snapshot-data.obj) : warning LNK4099: PDB '' was not found with 'v8_monolith.lib(snapshot-data.obj)' or at ''; linking object as if no debug info
v8_monolith.lib(context-deserializer.obj) : warning LNK4099: PDB '' was not found with 'v8_monolith.lib(context-deserializer.obj)' or at ''; linking object as if no debug info
v8_monolith.lib(serializer.obj) : warning LNK4099: PDB '' was not found with 'v8_monolith.lib(serializer.obj)' or at ''; linking object as if no debug info
v8_monolith.lib(context-serializer.obj) : warning LNK4099: PDB '' was not found with 'v8_monolith.lib(context-serializer.obj)' or at ''; linking object as if no debug info
v8_monolith.lib(read-only-serializer.obj) : warning LNK4099: PDB '' was not found with 'v8_monolith.lib(read-only-serializer.obj)' or at ''; linking object as if no debug info
v8_monolith.lib(shared-heap-serializer.obj) : warning LNK4099: PDB '' was not found with 'v8_monolith.lib(shared-heap-serializer.obj)' or at ''; linking object as if no debug info
v8_monolith.lib(snapshot-utils.obj) : warning LNK4099: PDB '' was not found with 'v8_monolith.lib(snapshot-utils.obj)' or at ''; linking object as if no debug info
v8_monolith.lib(object-deserializer.obj) : warning LNK4099: PDB '' was not found with 'v8_monolith.lib(object-deserializer.obj)' or at ''; linking object as if no debug info
v8_monolith.lib(pending-compilation-error-handler.obj) : warning LNK4099: PDB '' was not found with 'v8_monolith.lib(pending-compilation-error-handler.obj)' or at ''; linking object as if no debug info
v8_monolith.lib(preparse-data.obj) : warning LNK4099: PDB '' was not found with 'v8_monolith.lib(preparse-data.obj)' or at ''; linking object as if no debug info
v8_monolith.lib(optimized-compilation-info.obj) : warning LNK4099: PDB '' was not found with 'v8_monolith.lib(optimized-compilation-info.obj)' or at ''; linking object as if no debug info
v8_monolith.lib(asm-js.obj) : warning LNK4099: PDB '' was not found with 'v8_monolith.lib(asm-js.obj)' or at ''; linking object as if no debug info
v8_monolith.lib(pending-optimization-table.obj) : warning LNK4099: PDB '' was not found with 'v8_monolith.lib(pending-optimization-table.obj)' or at ''; linking object as if no debug info
v8_monolith.lib(turbofan-enabled.obj) : warning LNK4099: PDB '' was not found with 'v8_monolith.lib(turbofan-enabled.obj)' or at ''; linking object as if no debug info
v8_monolith.lib(parser.obj) : warning LNK4099: PDB '' was not found with 'v8_monolith.lib(parser.obj)' or at ''; linking object as if no debug info
v8_monolith.lib(scanner-character-streams.obj) : warning LNK4099: PDB '' was not found with 'v8_monolith.lib(scanner-character-streams.obj)' or at ''; linking object as if no debug info
v8_monolith.lib(code-desc.obj) : warning LNK4099: PDB '' was not found with 'v8_monolith.lib(code-desc.obj)' or at ''; linking object as if no debug info
v8_monolith.lib(liveedit.obj) : warning LNK4099: PDB '' was not found with 'v8_monolith.lib(liveedit.obj)' or at ''; linking object as if no debug info
v8_monolith.lib(file-utils.obj) : warning LNK4099: PDB '' was not found with 'v8_monolith.lib(file-utils.obj)' or at ''; linking object as if no debug info
v8_monolith.lib(udata.obj) : warning LNK4099: PDB '' was not found with 'v8_monolith.lib(udata.obj)' or at ''; linking object as if no debug info
v8_monolith.lib(profiler-stats.obj) : warning LNK4099: PDB '' was not found with 'v8_monolith.lib(profiler-stats.obj)' or at ''; linking object as if no debug info
v8_monolith.lib(weak-code-registry.obj) : warning LNK4099: PDB '' was not found with 'v8_monolith.lib(weak-code-registry.obj)' or at ''; linking object as if no debug info
v8_monolith.lib(profiler-listener.obj) : warning LNK4099: PDB '' was not found with 'v8_monolith.lib(profiler-listener.obj)' or at ''; linking object as if no debug info
v8_monolith.lib(symbolizer.obj) : warning LNK4099: PDB '' was not found with 'v8_monolith.lib(symbolizer.obj)' or at ''; linking object as if no debug info
v8_monolith.lib(unicode.obj) : warning LNK4099: PDB '' was not found with 'v8_monolith.lib(unicode.obj)' or at ''; linking object as if no debug info
v8_monolith.lib(snapshot-source-sink.obj) : warning LNK4099: PDB '' was not found with 'v8_monolith.lib(snapshot-source-sink.obj)' or at ''; linking object as if no debug info
v8_monolith.lib(roots-serializer.obj) : warning LNK4099: PDB '' was not found with 'v8_monolith.lib(roots-serializer.obj)' or at ''; linking object as if no debug info
v8_monolith.lib(wasm-call-descriptors.obj) : warning LNK4099: PDB '' was not found with 'v8_monolith.lib(wasm-call-descriptors.obj)' or at ''; linking object as if no debug info
v8_monolith.lib(function-compiler.obj) : warning LNK4099: PDB '' was not found with 'v8_monolith.lib(function-compiler.obj)' or at ''; linking object as if no debug info
v8_monolith.lib(sync-streaming-decoder.obj) : warning LNK4099: PDB '' was not found with 'v8_monolith.lib(sync-streaming-decoder.obj)' or at ''; linking object as if no debug info
v8_monolith.lib(canonical-types.obj) : warning LNK4099: PDB '' was not found with 'v8_monolith.lib(canonical-types.obj)' or at ''; linking object as if no debug info
v8_monolith.lib(well-known-imports.obj) : warning LNK4099: PDB '' was not found with 'v8_monolith.lib(well-known-imports.obj)' or at ''; linking object as if no debug info
v8_monolith.lib(external-reference.obj) : warning LNK4099: PDB '' was not found with 'v8_monolith.lib(external-reference.obj)' or at ''; linking object as if no debug info
v8_monolith.lib(handler-inside.obj) : warning LNK4099: PDB '' was not found with 'v8_monolith.lib(handler-inside.obj)' or at ''; linking object as if no debug info
v8_monolith.lib(disassembler.obj) : warning LNK4099: PDB '' was not found with 'v8_monolith.lib(disassembler.obj)' or at ''; linking object as if no debug info
v8_monolith.lib(dateparser.obj) : warning LNK4099: PDB '' was not found with 'v8_monolith.lib(dateparser.obj)' or at ''; linking object as if no debug info
v8_monolith.lib(js-date-time-format.obj) : warning LNK4099: PDB '' was not found with 'v8_monolith.lib(js-date-time-format.obj)' or at ''; linking object as if no debug info
v8_monolith.lib(js-temporal-objects.obj) : warning LNK4099: PDB '' was not found with 'v8_monolith.lib(js-temporal-objects.obj)' or at ''; linking object as if no debug info
v8_monolith.lib(uri.obj) : warning LNK4099: PDB '' was not found with 'v8_monolith.lib(uri.obj)' or at ''; linking object as if no debug info
v8_monolith.lib(js-raw-json.obj) : warning LNK4099: PDB '' was not found with 'v8_monolith.lib(js-raw-json.obj)' or at ''; linking object as if no debug info
v8_monolith.lib(js-atomics-synchronization.obj) : warning LNK4099: PDB '' was not found with 'v8_monolith.lib(js-atomics-synchronization.obj)' or at ''; linking object as if no debug info
v8_monolith.lib(js-break-iterator.obj) : warning LNK4099: PDB '' was not found with 'v8_monolith.lib(js-break-iterator.obj)' or at ''; linking object as if no debug info
v8_monolith.lib(js-collator.obj) : warning LNK4099: PDB '' was not found with 'v8_monolith.lib(js-collator.obj)' or at ''; linking object as if no debug info
v8_monolith.lib(js-display-names.obj) : warning LNK4099: PDB '' was not found with 'v8_monolith.lib(js-display-names.obj)' or at ''; linking object as if no debug info
v8_monolith.lib(js-duration-format.obj) : warning LNK4099: PDB '' was not found with 'v8_monolith.lib(js-duration-format.obj)' or at ''; linking object as if no debug info
v8_monolith.lib(js-list-format.obj) : warning LNK4099: PDB '' was not found with 'v8_monolith.lib(js-list-format.obj)' or at ''; linking object as if no debug info
v8_monolith.lib(js-locale.obj) : warning LNK4099: PDB '' was not found with 'v8_monolith.lib(js-locale.obj)' or at ''; linking object as if no debug info
v8_monolith.lib(js-number-format.obj) : warning LNK4099: PDB '' was not found with 'v8_monolith.lib(js-number-format.obj)' or at ''; linking object as if no debug info
v8_monolith.lib(js-plural-rules.obj) : warning LNK4099: PDB '' was not found with 'v8_monolith.lib(js-plural-rules.obj)' or at ''; linking object as if no debug info
v8_monolith.lib(js-relative-time-format.obj) : warning LNK4099: PDB '' was not found with 'v8_monolith.lib(js-relative-time-format.obj)' or at ''; linking object as if no debug info
v8_monolith.lib(js-segmenter.obj) : warning LNK4099: PDB '' was not found with 'v8_monolith.lib(js-segmenter.obj)' or at ''; linking object as if no debug info
v8_monolith.lib(js-segment-iterator.obj) : warning LNK4099: PDB '' was not found with 'v8_monolith.lib(js-segment-iterator.obj)' or at ''; linking object as if no debug info
v8_monolith.lib(js-segments.obj) : warning LNK4099: PDB '' was not found with 'v8_monolith.lib(js-segments.obj)' or at ''; linking object as if no debug info
v8_monolith.lib(option-utils.obj) : warning LNK4099: PDB '' was not found with 'v8_monolith.lib(option-utils.obj)' or at ''; linking object as if no debug info
v8_monolith.lib(platform.obj) : warning LNK4099: PDB '' was not found with 'v8_monolith.lib(platform.obj)' or at ''; linking object as if no debug info
v8_monolith.lib(compactor.obj) : warning LNK4099: PDB '' was not found with 'v8_monolith.lib(compactor.obj)' or at ''; linking object as if no debug info
v8_monolith.lib(marking-state.obj) : warning LNK4099: PDB '' was not found with 'v8_monolith.lib(marking-state.obj)' or at ''; linking object as if no debug info
v8_monolith.lib(visitor.obj) : warning LNK4099: PDB '' was not found with 'v8_monolith.lib(visitor.obj)' or at ''; linking object as if no debug info
v8_monolith.lib(marking-visitor.obj) : warning LNK4099: PDB '' was not found with 'v8_monolith.lib(marking-visitor.obj)' or at ''; linking object as if no debug info
v8_monolith.lib(concurrent-marker.obj) : warning LNK4099: PDB '' was not found with 'v8_monolith.lib(concurrent-marker.obj)' or at ''; linking object as if no debug info
v8_monolith.lib(stats-collector.obj) : warning LNK4099: PDB '' was not found with 'v8_monolith.lib(stats-collector.obj)' or at ''; linking object as if no debug info
v8_monolith.lib(sweeper.obj) : warning LNK4099: PDB '' was not found with 'v8_monolith.lib(sweeper.obj)' or at ''; linking object as if no debug info
v8_monolith.lib(heap-consistency.obj) : warning LNK4099: PDB '' was not found with 'v8_monolith.lib(heap-consistency.obj)' or at ''; linking object as if no debug info
v8_monolith.lib(cpp-snapshot.obj) : warning LNK4099: PDB '' was not found with 'v8_monolith.lib(cpp-snapshot.obj)' or at ''; linking object as if no debug info
v8_monolith.lib(unified-heap-marking-state.obj) : warning LNK4099: PDB '' was not found with 'v8_monolith.lib(unified-heap-marking-state.obj)' or at ''; linking object as if no debug info
v8_monolith.lib(unified-heap-marking-visitor.obj) : warning LNK4099: PDB '' was not found with 'v8_monolith.lib(unified-heap-marking-visitor.obj)' or at ''; linking object as if no debug info
v8_monolith.lib(traced-handles-marking-visitor.obj) : warning LNK4099: PDB '' was not found with 'v8_monolith.lib(traced-handles-marking-visitor.obj)' or at ''; linking object as if no debug info
v8_monolith.lib(gc-info-table.obj) : warning LNK4099: PDB '' was not found with 'v8_monolith.lib(gc-info-table.obj)' or at ''; linking object as if no debug info
v8_monolith.lib(deoptimizer-x64.obj) : warning LNK4099: PDB '' was not found with 'v8_monolith.lib(deoptimizer-x64.obj)' or at ''; linking object as if no debug info
v8_monolith.lib(disasm-x64.obj) : warning LNK4099: PDB '' was not found with 'v8_monolith.lib(disasm-x64.obj)' or at ''; linking object as if no debug info
v8_monolith.lib(handler-configuration.obj) : warning LNK4099: PDB '' was not found with 'v8_monolith.lib(handler-configuration.obj)' or at ''; linking object as if no debug info
v8_monolith.lib(baseline-compiler.obj) : warning LNK4099: PDB '' was not found with 'v8_monolith.lib(baseline-compiler.obj)' or at ''; linking object as if no debug info
v8_monolith.lib(heap-refs.obj) : warning LNK4099: PDB '' was not found with 'v8_monolith.lib(heap-refs.obj)' or at ''; linking object as if no debug info
v8_monolith.lib(maglev-compilation-info.obj) : warning LNK4099: PDB '' was not found with 'v8_monolith.lib(maglev-compilation-info.obj)' or at ''; linking object as if no debug info
v8_monolith.lib(maglev-compiler.obj) : warning LNK4099: PDB '' was not found with 'v8_monolith.lib(maglev-compiler.obj)' or at ''; linking object as if no debug info
v8_monolith.lib(code-reference.obj) : warning LNK4099: PDB '' was not found with 'v8_monolith.lib(code-reference.obj)' or at ''; linking object as if no debug info
v8_monolith.lib(zone-segment.obj) : warning LNK4099: PDB '' was not found with 'v8_monolith.lib(zone-segment.obj)' or at ''; linking object as if no debug info
v8_monolith.lib(token.obj) : warning LNK4099: PDB '' was not found with 'v8_monolith.lib(token.obj)' or at ''; linking object as if no debug info
v8_monolith.lib(page-memory.obj) : warning LNK4099: PDB '' was not found with 'v8_monolith.lib(page-memory.obj)' or at ''; linking object as if no debug info
v8_monolith.lib(dtoa.obj) : warning LNK4099: PDB '' was not found with 'v8_monolith.lib(dtoa.obj)' or at ''; linking object as if no debug info
v8_monolith.lib(strtod.obj) : warning LNK4099: PDB '' was not found with 'v8_monolith.lib(strtod.obj)' or at ''; linking object as if no debug info
v8_monolith.lib(basic-memory-chunk.obj) : warning LNK4099: PDB '' was not found with 'v8_monolith.lib(basic-memory-chunk.obj)' or at ''; linking object as if no debug info
v8_monolith.lib(wasm-compiler.obj) : warning LNK4099: PDB '' was not found with 'v8_monolith.lib(wasm-compiler.obj)' or at ''; linking object as if no debug info
v8_monolith.lib(active-system-pages.obj) : warning LNK4099: PDB '' was not found with 'v8_monolith.lib(active-system-pages.obj)' or at ''; linking object as if no debug info
v8_monolith.lib(invalidated-slots.obj) : warning LNK4099: PDB '' was not found with 'v8_monolith.lib(invalidated-slots.obj)' or at ''; linking object as if no debug info
v8_monolith.lib(incremental-marking-schedule.obj) : warning LNK4099: PDB '' was not found with 'v8_monolith.lib(incremental-marking-schedule.obj)' or at ''; linking object as if no debug info
v8_monolith.lib(compaction-worklists.obj) : warning LNK4099: PDB '' was not found with 'v8_monolith.lib(compaction-worklists.obj)' or at ''; linking object as if no debug info
v8_monolith.lib(liveness-broker.obj) : warning LNK4099: PDB '' was not found with 'v8_monolith.lib(liveness-broker.obj)' or at ''; linking object as if no debug info
v8_monolith.lib(marking-worklists.obj) : warning LNK4099: PDB '' was not found with 'v8_monolith.lib(marking-worklists.obj)' or at ''; linking object as if no debug info
v8_monolith.lib(persistent-node.obj) : warning LNK4099: PDB '' was not found with 'v8_monolith.lib(persistent-node.obj)' or at ''; linking object as if no debug info
v8_monolith.lib(object-allocator.obj) : warning LNK4099: PDB '' was not found with 'v8_monolith.lib(object-allocator.obj)' or at ''; linking object as if no debug info
v8_monolith.lib(remembered-set.obj) : warning LNK4099: PDB '' was not found with 'v8_monolith.lib(remembered-set.obj)' or at ''; linking object as if no debug info
v8_monolith.lib(write-barrier.obj) : warning LNK4099: PDB '' was not found with 'v8_monolith.lib(write-barrier.obj)' or at ''; linking object as if no debug info
v8_monolith.lib(process-heap.obj) : warning LNK4099: PDB '' was not found with 'v8_monolith.lib(process-heap.obj)' or at ''; linking object as if no debug info
v8_monolith.lib(raw-heap.obj) : warning LNK4099: PDB '' was not found with 'v8_monolith.lib(raw-heap.obj)' or at ''; linking object as if no debug info
v8_monolith.lib(caged-heap.obj) : warning LNK4099: PDB '' was not found with 'v8_monolith.lib(caged-heap.obj)' or at ''; linking object as if no debug info
v8_monolith.lib(caged-heap-local-data.obj) : warning LNK4099: PDB '' was not found with 'v8_monolith.lib(caged-heap-local-data.obj)' or at ''; linking object as if no debug info
v8_monolith.lib(heap-statistics-collector.obj) : warning LNK4099: PDB '' was not found with 'v8_monolith.lib(heap-statistics-collector.obj)' or at ''; linking object as if no debug info
v8_monolith.lib(prefinalizer-handler.obj) : warning LNK4099: PDB '' was not found with 'v8_monolith.lib(prefinalizer-handler.obj)' or at ''; linking object as if no debug info
v8_monolith.lib(process-heap-statistics.obj) : warning LNK4099: PDB '' was not found with 'v8_monolith.lib(process-heap-statistics.obj)' or at ''; linking object as if no debug info
v8_monolith.lib(marking-worklist.obj) : warning LNK4099: PDB '' was not found with 'v8_monolith.lib(marking-worklist.obj)' or at ''; linking object as if no debug info
v8_monolith.lib(weak-object-worklists.obj) : warning LNK4099: PDB '' was not found with 'v8_monolith.lib(weak-object-worklists.obj)' or at ''; linking object as if no debug info
v8_monolith.lib(index-generator.obj) : warning LNK4099: PDB '' was not found with 'v8_monolith.lib(index-generator.obj)' or at ''; linking object as if no debug info
v8_monolith.lib(instruction-stream.obj) : warning LNK4099: PDB '' was not found with 'v8_monolith.lib(instruction-stream.obj)' or at ''; linking object as if no debug info
v8_monolith.lib(register-configuration.obj) : warning LNK4099: PDB '' was not found with 'v8_monolith.lib(register-configuration.obj)' or at ''; linking object as if no debug info
v8_monolith.lib(deoptimized-frame-info.obj) : warning LNK4099: PDB '' was not found with 'v8_monolith.lib(deoptimized-frame-info.obj)' or at ''; linking object as if no debug info
v8_monolith.lib(regexp-error.obj) : warning LNK4099: PDB '' was not found with 'v8_monolith.lib(regexp-error.obj)' or at ''; linking object as if no debug info
v8_monolith.lib(experimental.obj) : warning LNK4099: PDB '' was not found with 'v8_monolith.lib(experimental.obj)' or at ''; linking object as if no debug info
v8_monolith.lib(regexp-macro-assembler.obj) : warning LNK4099: PDB '' was not found with 'v8_monolith.lib(regexp-macro-assembler.obj)' or at ''; linking object as if no debug info
v8_monolith.lib(regexp-bytecode-generator.obj) : warning LNK4099: PDB '' was not found with 'v8_monolith.lib(regexp-bytecode-generator.obj)' or at ''; linking object as if no debug info
v8_monolith.lib(regexp-compiler.obj) : warning LNK4099: PDB '' was not found with 'v8_monolith.lib(regexp-compiler.obj)' or at ''; linking object as if no debug info
v8_monolith.lib(regexp-dotprinter.obj) : warning LNK4099: PDB '' was not found with 'v8_monolith.lib(regexp-dotprinter.obj)' or at ''; linking object as if no debug info
v8_monolith.lib(regexp-interpreter.obj) : warning LNK4099: PDB '' was not found with 'v8_monolith.lib(regexp-interpreter.obj)' or at ''; linking object as if no debug info
v8_monolith.lib(regexp-macro-assembler-x64.obj) : warning LNK4099: PDB '' was not found with 'v8_monolith.lib(regexp-macro-assembler-x64.obj)' or at ''; linking object as if no debug info
v8_monolith.lib(regexp-parser.obj) : warning LNK4099: PDB '' was not found with 'v8_monolith.lib(regexp-parser.obj)' or at ''; linking object as if no debug info
v8_monolith.lib(variables.obj) : warning LNK4099: PDB '' was not found with 'v8_monolith.lib(variables.obj)' or at ''; linking object as if no debug info
v8_monolith.lib(uprops.obj) : warning LNK4099: PDB '' was not found with 'v8_monolith.lib(uprops.obj)' or at ''; linking object as if no debug info
v8_monolith.lib(uchar.obj) : warning LNK4099: PDB '' was not found with 'v8_monolith.lib(uchar.obj)' or at ''; linking object as if no debug info
v8_monolith.lib(constant-expression.obj) : warning LNK4099: PDB '' was not found with 'v8_monolith.lib(constant-expression.obj)' or at ''; linking object as if no debug info
v8_monolith.lib(wasm-opcodes.obj) : warning LNK4099: PDB '' was not found with 'v8_monolith.lib(wasm-opcodes.obj)' or at ''; linking object as if no debug info
v8_monolith.lib(function-body-decoder.obj) : warning LNK4099: PDB '' was not found with 'v8_monolith.lib(function-body-decoder.obj)' or at ''; linking object as if no debug info
v8_monolith.lib(wasm-subtyping.obj) : warning LNK4099: PDB '' was not found with 'v8_monolith.lib(wasm-subtyping.obj)' or at ''; linking object as if no debug info
v8_monolith.lib(constant-expression-interface.obj) : warning LNK4099: PDB '' was not found with 'v8_monolith.lib(constant-expression-interface.obj)' or at ''; linking object as if no debug info
v8_monolith.lib(runtime.obj) : warning LNK4099: PDB '' was not found with 'v8_monolith.lib(runtime.obj)' or at ''; linking object as if no debug info
v8_monolith.lib(debug-scopes.obj) : warning LNK4099: PDB '' was not found with 'v8_monolith.lib(debug-scopes.obj)' or at ''; linking object as if no debug info
v8_monolith.lib(mul-schoolbook.obj) : warning LNK4099: PDB '' was not found with 'v8_monolith.lib(mul-schoolbook.obj)' or at ''; linking object as if no debug info
v8_monolith.lib(mul-karatsuba.obj) : warning LNK4099: PDB '' was not found with 'v8_monolith.lib(mul-karatsuba.obj)' or at ''; linking object as if no debug info
v8_monolith.lib(div-schoolbook.obj) : warning LNK4099: PDB '' was not found with 'v8_monolith.lib(div-schoolbook.obj)' or at ''; linking object as if no debug info
v8_monolith.lib(div-burnikel.obj) : warning LNK4099: PDB '' was not found with 'v8_monolith.lib(div-burnikel.obj)' or at ''; linking object as if no debug info
v8_monolith.lib(mul-toom.obj) : warning LNK4099: PDB '' was not found with 'v8_monolith.lib(mul-toom.obj)' or at ''; linking object as if no debug info
v8_monolith.lib(mul-fft.obj) : warning LNK4099: PDB '' was not found with 'v8_monolith.lib(mul-fft.obj)' or at ''; linking object as if no debug info
v8_monolith.lib(div-barrett.obj) : warning LNK4099: PDB '' was not found with 'v8_monolith.lib(div-barrett.obj)' or at ''; linking object as if no debug info
v8_monolith.lib(unoptimized-compilation-info.obj) : warning LNK4099: PDB '' was not found with 'v8_monolith.lib(unoptimized-compilation-info.obj)' or at ''; linking object as if no debug info
v8_monolith.lib(bytecode-generator.obj) : warning LNK4099: PDB '' was not found with 'v8_monolith.lib(bytecode-generator.obj)' or at ''; linking object as if no debug info
v8_monolith.lib(uobject.obj) : warning LNK4099: PDB '' was not found with 'v8_monolith.lib(uobject.obj)' or at ''; linking object as if no debug info
v8_monolith.lib(unistr.obj) : warning LNK4099: PDB '' was not found with 'v8_monolith.lib(unistr.obj)' or at ''; linking object as if no debug info
v8_monolith.lib(stringpiece.obj) : warning LNK4099: PDB '' was not found with 'v8_monolith.lib(stringpiece.obj)' or at ''; linking object as if no debug info
v8_monolith.lib(ustrenum.obj) : warning LNK4099: PDB '' was not found with 'v8_monolith.lib(ustrenum.obj)' or at ''; linking object as if no debug info
v8_monolith.lib(uloc.obj) : warning LNK4099: PDB '' was not found with 'v8_monolith.lib(uloc.obj)' or at ''; linking object as if no debug info
v8_monolith.lib(localebuilder.obj) : warning LNK4099: PDB '' was not found with 'v8_monolith.lib(localebuilder.obj)' or at ''; linking object as if no debug info
v8_monolith.lib(uresbund.obj) : warning LNK4099: PDB '' was not found with 'v8_monolith.lib(uresbund.obj)' or at ''; linking object as if no debug info
v8_monolith.lib(cmemory.obj) : warning LNK4099: PDB '' was not found with 'v8_monolith.lib(cmemory.obj)' or at ''; linking object as if no debug info
v8_monolith.lib(bytesinkutil.obj) : warning LNK4099: PDB '' was not found with 'v8_monolith.lib(bytesinkutil.obj)' or at ''; linking object as if no debug info
v8_monolith.lib(charstr.obj) : warning LNK4099: PDB '' was not found with 'v8_monolith.lib(charstr.obj)' or at ''; linking object as if no debug info
v8_monolith.lib(uhash.obj) : warning LNK4099: PDB '' was not found with 'v8_monolith.lib(uhash.obj)' or at ''; linking object as if no debug info
v8_monolith.lib(cstring.obj) : warning LNK4099: PDB '' was not found with 'v8_monolith.lib(cstring.obj)' or at ''; linking object as if no debug info
v8_monolith.lib(umath.obj) : warning LNK4099: PDB '' was not found with 'v8_monolith.lib(umath.obj)' or at ''; linking object as if no debug info
v8_monolith.lib(putil.obj) : warning LNK4099: PDB '' was not found with 'v8_monolith.lib(putil.obj)' or at ''; linking object as if no debug info
v8_monolith.lib(umutex.obj) : warning LNK4099: PDB '' was not found with 'v8_monolith.lib(umutex.obj)' or at ''; linking object as if no debug info
v8_monolith.lib(ucln_cmn.obj) : warning LNK4099: PDB '' was not found with 'v8_monolith.lib(ucln_cmn.obj)' or at ''; linking object as if no debug info
v8_monolith.lib(uloc_tag.obj) : warning LNK4099: PDB '' was not found with 'v8_monolith.lib(uloc_tag.obj)' or at ''; linking object as if no debug info
v8_monolith.lib(loclikely.obj) : warning LNK4099: PDB '' was not found with 'v8_monolith.lib(loclikely.obj)' or at ''; linking object as if no debug info
v8_monolith.lib(uloc_keytype.obj) : warning LNK4099: PDB '' was not found with 'v8_monolith.lib(uloc_keytype.obj)' or at ''; linking object as if no debug info
v8_monolith.lib(ustring.obj) : warning LNK4099: PDB '' was not found with 'v8_monolith.lib(ustring.obj)' or at ''; linking object as if no debug info
v8_monolith.lib(uvector.obj) : warning LNK4099: PDB '' was not found with 'v8_monolith.lib(uvector.obj)' or at ''; linking object as if no debug info
v8_monolith.lib(bytestream.obj) : warning LNK4099: PDB '' was not found with 'v8_monolith.lib(bytestream.obj)' or at ''; linking object as if no debug info
v8_monolith.lib(uenum.obj) : warning LNK4099: PDB '' was not found with 'v8_monolith.lib(uenum.obj)' or at ''; linking object as if no debug info
v8_monolith.lib(locavailable.obj) : warning LNK4099: PDB '' was not found with 'v8_monolith.lib(locavailable.obj)' or at ''; linking object as if no debug info
v8_monolith.lib(timezone.obj) : warning LNK4099: PDB '' was not found with 'v8_monolith.lib(timezone.obj)' or at ''; linking object as if no debug info
v8_monolith.lib(tztrans.obj) : warning LNK4099: PDB '' was not found with 'v8_monolith.lib(tztrans.obj)' or at ''; linking object as if no debug info
v8_monolith.lib(calendar.obj) : warning LNK4099: PDB '' was not found with 'v8_monolith.lib(calendar.obj)' or at ''; linking object as if no debug info
v8_monolith.lib(coll.obj) : warning LNK4099: PDB '' was not found with 'v8_monolith.lib(coll.obj)' or at ''; linking object as if no debug info
v8_monolith.lib(ucurr.obj) : warning LNK4099: PDB '' was not found with 'v8_monolith.lib(ucurr.obj)' or at ''; linking object as if no debug info
v8_monolith.lib(numsys.obj) : warning LNK4099: PDB '' was not found with 'v8_monolith.lib(numsys.obj)' or at ''; linking object as if no debug info
v8_monolith.lib(localematcher.obj) : warning LNK4099: PDB '' was not found with 'v8_monolith.lib(localematcher.obj)' or at ''; linking object as if no debug info
v8_monolith.lib(loadednormalizer2impl.obj) : warning LNK4099: PDB '' was not found with 'v8_monolith.lib(loadednormalizer2impl.obj)' or at ''; linking object as if no debug info
v8_monolith.lib(ustrcase_locale.obj) : warning LNK4099: PDB '' was not found with 'v8_monolith.lib(ustrcase_locale.obj)' or at ''; linking object as if no debug info
v8_monolith.lib(string-case.obj) : warning LNK4099: PDB '' was not found with 'v8_monolith.lib(string-case.obj)' or at ''; linking object as if no debug info
v8_monolith.lib(div-helpers.obj) : warning LNK4099: PDB '' was not found with 'v8_monolith.lib(div-helpers.obj)' or at ''; linking object as if no debug info
v8_monolith.lib(call-optimization.obj) : warning LNK4099: PDB '' was not found with 'v8_monolith.lib(call-optimization.obj)' or at ''; linking object as if no debug info
v8_monolith.lib(assembler-buffer-cache.obj) : warning LNK4099: PDB '' was not found with 'v8_monolith.lib(assembler-buffer-cache.obj)' or at ''; linking object as if no debug info
v8_monolith.lib(streaming-decoder.obj) : warning LNK4099: PDB '' was not found with 'v8_monolith.lib(streaming-decoder.obj)' or at ''; linking object as if no debug info
v8_monolith.lib(vlq-base64.obj) : warning LNK4099: PDB '' was not found with 'v8_monolith.lib(vlq-base64.obj)' or at ''; linking object as if no debug info
v8_monolith.lib(cpu-x64.obj) : warning LNK4099: PDB '' was not found with 'v8_monolith.lib(cpu-x64.obj)' or at ''; linking object as if no debug info
v8_monolith.lib(external-reference-encoder.obj) : warning LNK4099: PDB '' was not found with 'v8_monolith.lib(external-reference-encoder.obj)' or at ''; linking object as if no debug info
v8_monolith.lib(code-factory.obj) : warning LNK4099: PDB '' was not found with 'v8_monolith.lib(code-factory.obj)' or at ''; linking object as if no debug info
v8_monolith.lib(liftoff-compiler.obj) : warning LNK4099: PDB '' was not found with 'v8_monolith.lib(liftoff-compiler.obj)' or at ''; linking object as if no debug info
v8_monolith.lib(compress.obj) : warning LNK4099: PDB '' was not found with 'v8_monolith.lib(compress.obj)' or at ''; linking object as if no debug info
v8_monolith.lib(compression_utils_portable.obj) : warning LNK4099: PDB '' was not found with 'v8_monolith.lib(compression_utils_portable.obj)' or at ''; linking object as if no debug info
v8_monolith.lib(debug-scope-iterator.obj) : warning LNK4099: PDB '' was not found with 'v8_monolith.lib(debug-scope-iterator.obj)' or at ''; linking object as if no debug info
v8_monolith.lib(address-map.obj) : warning LNK4099: PDB '' was not found with 'v8_monolith.lib(address-map.obj)' or at ''; linking object as if no debug info
v8_monolith.lib(adler32.obj) : warning LNK4099: PDB '' was not found with 'v8_monolith.lib(adler32.obj)' or at ''; linking object as if no debug info
v8_monolith.lib(wasm-module-builder.obj) : warning LNK4099: PDB '' was not found with 'v8_monolith.lib(wasm-module-builder.obj)' or at ''; linking object as if no debug info
v8_monolith.lib(asm-parser.obj) : warning LNK4099: PDB '' was not found with 'v8_monolith.lib(asm-parser.obj)' or at ''; linking object as if no debug info
v8_monolith.lib(pipeline.obj) : warning LNK4099: PDB '' was not found with 'v8_monolith.lib(pipeline.obj)' or at ''; linking object as if no debug info
v8_monolith.lib(scanner.obj) : warning LNK4099: PDB '' was not found with 'v8_monolith.lib(scanner.obj)' or at ''; linking object as if no debug info
v8_monolith.lib(import-assertions.obj) : warning LNK4099: PDB '' was not found with 'v8_monolith.lib(import-assertions.obj)' or at ''; linking object as if no debug info
v8_monolith.lib(func-name-inferrer.obj) : warning LNK4099: PDB '' was not found with 'v8_monolith.lib(func-name-inferrer.obj)' or at ''; linking object as if no debug info
v8_monolith.lib(preparser.obj) : warning LNK4099: PDB '' was not found with 'v8_monolith.lib(preparser.obj)' or at ''; linking object as if no debug info
v8_monolith.lib(ast-function-literal-id-reindexer.obj) : warning LNK4099: PDB '' was not found with 'v8_monolith.lib(ast-function-literal-id-reindexer.obj)' or at ''; linking object as if no debug info
v8_monolith.lib(source-range-ast-visitor.obj) : warning LNK4099: PDB '' was not found with 'v8_monolith.lib(source-range-ast-visitor.obj)' or at ''; linking object as if no debug info
v8_monolith.lib(rewriter.obj) : warning LNK4099: PDB '' was not found with 'v8_monolith.lib(rewriter.obj)' or at ''; linking object as if no debug info
v8_monolith.lib(liveedit-diff.obj) : warning LNK4099: PDB '' was not found with 'v8_monolith.lib(liveedit-diff.obj)' or at ''; linking object as if no debug info
v8_monolith.lib(udatamem.obj) : warning LNK4099: PDB '' was not found with 'v8_monolith.lib(udatamem.obj)' or at ''; linking object as if no debug info
v8_monolith.lib(restrace.obj) : warning LNK4099: PDB '' was not found with 'v8_monolith.lib(restrace.obj)' or at ''; linking object as if no debug info
v8_monolith.lib(umapfile.obj) : warning LNK4099: PDB '' was not found with 'v8_monolith.lib(umapfile.obj)' or at ''; linking object as if no debug info
v8_monolith.lib(ucmndata.obj) : warning LNK4099: PDB '' was not found with 'v8_monolith.lib(ucmndata.obj)' or at ''; linking object as if no debug info
v8_monolith.lib(stubdata.obj) : warning LNK4099: PDB '' was not found with 'v8_monolith.lib(stubdata.obj)' or at ''; linking object as if no debug info
v8_monolith.lib(wasm-graph-assembler.obj) : warning LNK4099: PDB '' was not found with 'v8_monolith.lib(wasm-graph-assembler.obj)' or at ''; linking object as if no debug info
v8_monolith.lib(object-type.obj) : warning LNK4099: PDB '' was not found with 'v8_monolith.lib(object-type.obj)' or at ''; linking object as if no debug info
v8_monolith.lib(simd.obj) : warning LNK4099: PDB '' was not found with 'v8_monolith.lib(simd.obj)' or at ''; linking object as if no debug info
v8_monolith.lib(wasm-external-refs.obj) : warning LNK4099: PDB '' was not found with 'v8_monolith.lib(wasm-external-refs.obj)' or at ''; linking object as if no debug info
v8_monolith.lib(format.obj) : warning LNK4099: PDB '' was not found with 'v8_monolith.lib(format.obj)' or at ''; linking object as if no debug info
v8_monolith.lib(fpositer.obj) : warning LNK4099: PDB '' was not found with 'v8_monolith.lib(fpositer.obj)' or at ''; linking object as if no debug info
v8_monolith.lib(datefmt.obj) : warning LNK4099: PDB '' was not found with 'v8_monolith.lib(datefmt.obj)' or at ''; linking object as if no debug info
v8_monolith.lib(smpdtfmt.obj) : warning LNK4099: PDB '' was not found with 'v8_monolith.lib(smpdtfmt.obj)' or at ''; linking object as if no debug info
v8_monolith.lib(dtptngen.obj) : warning LNK4099: PDB '' was not found with 'v8_monolith.lib(dtptngen.obj)' or at ''; linking object as if no debug info
v8_monolith.lib(formattedvalue.obj) : warning LNK4099: PDB '' was not found with 'v8_monolith.lib(formattedvalue.obj)' or at ''; linking object as if no debug info
v8_monolith.lib(dtitvfmt.obj) : warning LNK4099: PDB '' was not found with 'v8_monolith.lib(dtitvfmt.obj)' or at ''; linking object as if no debug info
v8_monolith.lib(gregocal.obj) : warning LNK4099: PDB '' was not found with 'v8_monolith.lib(gregocal.obj)' or at ''; linking object as if no debug info
v8_monolith.lib(temporal-parser.obj) : warning LNK4099: PDB '' was not found with 'v8_monolith.lib(temporal-parser.obj)' or at ''; linking object as if no debug info
v8_monolith.lib(brkiter.obj) : warning LNK4099: PDB '' was not found with 'v8_monolith.lib(brkiter.obj)' or at ''; linking object as if no debug info
v8_monolith.lib(locdspnm.obj) : warning LNK4099: PDB '' was not found with 'v8_monolith.lib(locdspnm.obj)' or at ''; linking object as if no debug info
v8_monolith.lib(listformatter.obj) : warning LNK4099: PDB '' was not found with 'v8_monolith.lib(listformatter.obj)' or at ''; linking object as if no debug info
v8_monolith.lib(measunit.obj) : warning LNK4099: PDB '' was not found with 'v8_monolith.lib(measunit.obj)' or at ''; linking object as if no debug info
v8_monolith.lib(number_rounding.obj) : warning LNK4099: PDB '' was not found with 'v8_monolith.lib(number_rounding.obj)' or at ''; linking object as if no debug info
v8_monolith.lib(number_integerwidth.obj) : warning LNK4099: PDB '' was not found with 'v8_monolith.lib(number_integerwidth.obj)' or at ''; linking object as if no debug info
v8_monolith.lib(number_multiplier.obj) : warning LNK4099: PDB '' was not found with 'v8_monolith.lib(number_multiplier.obj)' or at ''; linking object as if no debug info
v8_monolith.lib(number_usageprefs.obj) : warning LNK4099: PDB '' was not found with 'v8_monolith.lib(number_usageprefs.obj)' or at ''; linking object as if no debug info
v8_monolith.lib(number_symbolswrapper.obj) : warning LNK4099: PDB '' was not found with 'v8_monolith.lib(number_symbolswrapper.obj)' or at ''; linking object as if no debug info
v8_monolith.lib(number_fluent.obj) : warning LNK4099: PDB '' was not found with 'v8_monolith.lib(number_fluent.obj)' or at ''; linking object as if no debug info
v8_monolith.lib(number_skeletons.obj) : warning LNK4099: PDB '' was not found with 'v8_monolith.lib(number_skeletons.obj)' or at ''; linking object as if no debug info
v8_monolith.lib(number_output.obj) : warning LNK4099: PDB '' was not found with 'v8_monolith.lib(number_output.obj)' or at ''; linking object as if no debug info
v8_monolith.lib(locresdata.obj) : warning LNK4099: PDB '' was not found with 'v8_monolith.lib(locresdata.obj)' or at ''; linking object as if no debug info
v8_monolith.lib(currunit.obj) : warning LNK4099: PDB '' was not found with 'v8_monolith.lib(currunit.obj)' or at ''; linking object as if no debug info
v8_monolith.lib(fmtable.obj) : warning LNK4099: PDB '' was not found with 'v8_monolith.lib(fmtable.obj)' or at ''; linking object as if no debug info
v8_monolith.lib(number_notation.obj) : warning LNK4099: PDB '' was not found with 'v8_monolith.lib(number_notation.obj)' or at ''; linking object as if no debug info
v8_monolith.lib(numrange_fluent.obj) : warning LNK4099: PDB '' was not found with 'v8_monolith.lib(numrange_fluent.obj)' or at ''; linking object as if no debug info
v8_monolith.lib(plurrule.obj) : warning LNK4099: PDB '' was not found with 'v8_monolith.lib(plurrule.obj)' or at ''; linking object as if no debug info
v8_monolith.lib(numfmt.obj) : warning LNK4099: PDB '' was not found with 'v8_monolith.lib(numfmt.obj)' or at ''; linking object as if no debug info
v8_monolith.lib(decimfmt.obj) : warning LNK4099: PDB '' was not found with 'v8_monolith.lib(decimfmt.obj)' or at ''; linking object as if no debug info
v8_monolith.lib(reldatefmt.obj) : warning LNK4099: PDB '' was not found with 'v8_monolith.lib(reldatefmt.obj)' or at ''; linking object as if no debug info
v8_monolith.lib(heap-object-header.obj) : warning LNK4099: PDB '' was not found with 'v8_monolith.lib(heap-object-header.obj)' or at ''; linking object as if no debug info
v8_monolith.lib(free-list.obj) : warning LNK4099: PDB '' was not found with 'v8_monolith.lib(free-list.obj)' or at ''; linking object as if no debug info
v8_monolith.lib(heap-space.obj) : warning LNK4099: PDB '' was not found with 'v8_monolith.lib(heap-space.obj)' or at ''; linking object as if no debug info
v8_monolith.lib(member-storage.obj) : warning LNK4099: PDB '' was not found with 'v8_monolith.lib(member-storage.obj)' or at ''; linking object as if no debug info
v8_monolith.lib(refs-map.obj) : warning LNK4099: PDB '' was not found with 'v8_monolith.lib(refs-map.obj)' or at ''; linking object as if no debug info
v8_monolith.lib(js-heap-broker.obj) : warning LNK4099: PDB '' was not found with 'v8_monolith.lib(js-heap-broker.obj)' or at ''; linking object as if no debug info
v8_monolith.lib(compilation-dependencies.obj) : warning LNK4099: PDB '' was not found with 'v8_monolith.lib(compilation-dependencies.obj)' or at ''; linking object as if no debug info
v8_monolith.lib(maglev-compilation-unit.obj) : warning LNK4099: PDB '' was not found with 'v8_monolith.lib(maglev-compilation-unit.obj)' or at ''; linking object as if no debug info
v8_monolith.lib(bit-vector.obj) : warning LNK4099: PDB '' was not found with 'v8_monolith.lib(bit-vector.obj)' or at ''; linking object as if no debug info
v8_monolith.lib(maglev-ir.obj) : warning LNK4099: PDB '' was not found with 'v8_monolith.lib(maglev-ir.obj)' or at ''; linking object as if no debug info
v8_monolith.lib(maglev-ir-x64.obj) : warning LNK4099: PDB '' was not found with 'v8_monolith.lib(maglev-ir-x64.obj)' or at ''; linking object as if no debug info
v8_monolith.lib(maglev-graph-printer.obj) : warning LNK4099: PDB '' was not found with 'v8_monolith.lib(maglev-graph-printer.obj)' or at ''; linking object as if no debug info
v8_monolith.lib(maglev-interpreter-frame-state.obj) : warning LNK4099: PDB '' was not found with 'v8_monolith.lib(maglev-interpreter-frame-state.obj)' or at ''; linking object as if no debug info
v8_monolith.lib(maglev-code-generator.obj) : warning LNK4099: PDB '' was not found with 'v8_monolith.lib(maglev-code-generator.obj)' or at ''; linking object as if no debug info
v8_monolith.lib(maglev-graph-builder.obj) : warning LNK4099: PDB '' was not found with 'v8_monolith.lib(maglev-graph-builder.obj)' or at ''; linking object as if no debug info
v8_monolith.lib(maglev-phi-representation-selector.obj) : warning LNK4099: PDB '' was not found with 'v8_monolith.lib(maglev-phi-representation-selector.obj)' or at ''; linking object as if no debug info
v8_monolith.lib(maglev-regalloc.obj) : warning LNK4099: PDB '' was not found with 'v8_monolith.lib(maglev-regalloc.obj)' or at ''; linking object as if no debug info
v8_monolith.lib(bignum-dtoa.obj) : warning LNK4099: PDB '' was not found with 'v8_monolith.lib(bignum-dtoa.obj)' or at ''; linking object as if no debug info
v8_monolith.lib(fast-dtoa.obj) : warning LNK4099: PDB '' was not found with 'v8_monolith.lib(fast-dtoa.obj)' or at ''; linking object as if no debug info
v8_monolith.lib(fixed-dtoa.obj) : warning LNK4099: PDB '' was not found with 'v8_monolith.lib(fixed-dtoa.obj)' or at ''; linking object as if no debug info
v8_monolith.lib(bignum.obj) : warning LNK4099: PDB '' was not found with 'v8_monolith.lib(bignum.obj)' or at ''; linking object as if no debug info
v8_monolith.lib(diy-fp.obj) : warning LNK4099: PDB '' was not found with 'v8_monolith.lib(diy-fp.obj)' or at ''; linking object as if no debug info
v8_monolith.lib(cached-powers.obj) : warning LNK4099: PDB '' was not found with 'v8_monolith.lib(cached-powers.obj)' or at ''; linking object as if no debug info
v8_monolith.lib(types.obj) : warning LNK4099: PDB '' was not found with 'v8_monolith.lib(types.obj)' or at ''; linking object as if no debug info
v8_monolith.lib(node.obj) : warning LNK4099: PDB '' was not found with 'v8_monolith.lib(node.obj)' or at ''; linking object as if no debug info
v8_monolith.lib(aligned-slot-allocator.obj) : warning LNK4099: PDB '' was not found with 'v8_monolith.lib(aligned-slot-allocator.obj)' or at ''; linking object as if no debug info
v8_monolith.lib(linkage.obj) : warning LNK4099: PDB '' was not found with 'v8_monolith.lib(linkage.obj)' or at ''; linking object as if no debug info
v8_monolith.lib(c-linkage.obj) : warning LNK4099: PDB '' was not found with 'v8_monolith.lib(c-linkage.obj)' or at ''; linking object as if no debug info
v8_monolith.lib(operator-properties.obj) : warning LNK4099: PDB '' was not found with 'v8_monolith.lib(operator-properties.obj)' or at ''; linking object as if no debug info
v8_monolith.lib(node-properties.obj) : warning LNK4099: PDB '' was not found with 'v8_monolith.lib(node-properties.obj)' or at ''; linking object as if no debug info
v8_monolith.lib(common-operator.obj) : warning LNK4099: PDB '' was not found with 'v8_monolith.lib(common-operator.obj)' or at ''; linking object as if no debug info
v8_monolith.lib(machine-operator.obj) : warning LNK4099: PDB '' was not found with 'v8_monolith.lib(machine-operator.obj)' or at ''; linking object as if no debug info
v8_monolith.lib(instruction-selector-x64.obj) : warning LNK4099: PDB '' was not found with 'v8_monolith.lib(instruction-selector-x64.obj)' or at ''; linking object as if no debug info
v8_monolith.lib(compiler-source-position-table.obj) : warning LNK4099: PDB '' was not found with 'v8_monolith.lib(compiler-source-position-table.obj)' or at ''; linking object as if no debug info
v8_monolith.lib(graph.obj) : warning LNK4099: PDB '' was not found with 'v8_monolith.lib(graph.obj)' or at ''; linking object as if no debug info
v8_monolith.lib(machine-graph.obj) : warning LNK4099: PDB '' was not found with 'v8_monolith.lib(machine-graph.obj)' or at ''; linking object as if no debug info
v8_monolith.lib(simplified-operator.obj) : warning LNK4099: PDB '' was not found with 'v8_monolith.lib(simplified-operator.obj)' or at ''; linking object as if no debug info
v8_monolith.lib(graph-assembler.obj) : warning LNK4099: PDB '' was not found with 'v8_monolith.lib(graph-assembler.obj)' or at ''; linking object as if no debug info
v8_monolith.lib(fast-api-calls.obj) : warning LNK4099: PDB '' was not found with 'v8_monolith.lib(fast-api-calls.obj)' or at ''; linking object as if no debug info
v8_monolith.lib(graph-visualizer.obj) : warning LNK4099: PDB '' was not found with 'v8_monolith.lib(graph-visualizer.obj)' or at ''; linking object as if no debug info
v8_monolith.lib(node-origin-table.obj) : warning LNK4099: PDB '' was not found with 'v8_monolith.lib(node-origin-table.obj)' or at ''; linking object as if no debug info
v8_monolith.lib(wasm-inlining-into-js.obj) : warning LNK4099: PDB '' was not found with 'v8_monolith.lib(wasm-inlining-into-js.obj)' or at ''; linking object as if no debug info
v8_monolith.lib(graph-builder-interface.obj) : warning LNK4099: PDB '' was not found with 'v8_monolith.lib(graph-builder-interface.obj)' or at ''; linking object as if no debug info
v8_monolith.lib(virtual-memory.obj) : warning LNK4099: PDB '' was not found with 'v8_monolith.lib(virtual-memory.obj)' or at ''; linking object as if no debug info
v8_monolith.lib(experimental-compiler.obj) : warning LNK4099: PDB '' was not found with 'v8_monolith.lib(experimental-compiler.obj)' or at ''; linking object as if no debug info
v8_monolith.lib(experimental-interpreter.obj) : warning LNK4099: PDB '' was not found with 'v8_monolith.lib(experimental-interpreter.obj)' or at ''; linking object as if no debug info
v8_monolith.lib(unistr_case_locale.obj) : warning LNK4099: PDB '' was not found with 'v8_monolith.lib(unistr_case_locale.obj)' or at ''; linking object as if no debug info
v8_monolith.lib(unistr_case.obj) : warning LNK4099: PDB '' was not found with 'v8_monolith.lib(unistr_case.obj)' or at ''; linking object as if no debug info
v8_monolith.lib(regexp-bytecode-peephole.obj) : warning LNK4099: PDB '' was not found with 'v8_monolith.lib(regexp-bytecode-peephole.obj)' or at ''; linking object as if no debug info
v8_monolith.lib(uniset.obj) : warning LNK4099: PDB '' was not found with 'v8_monolith.lib(uniset.obj)' or at ''; linking object as if no debug info
v8_monolith.lib(uniset_closure.obj) : warning LNK4099: PDB '' was not found with 'v8_monolith.lib(uniset_closure.obj)' or at ''; linking object as if no debug info
v8_monolith.lib(regexp-compiler-tonode.obj) : warning LNK4099: PDB '' was not found with 'v8_monolith.lib(regexp-compiler-tonode.obj)' or at ''; linking object as if no debug info
v8_monolith.lib(regexp-ast.obj) : warning LNK4099: PDB '' was not found with 'v8_monolith.lib(regexp-ast.obj)' or at ''; linking object as if no debug info
v8_monolith.lib(special-case.obj) : warning LNK4099: PDB '' was not found with 'v8_monolith.lib(special-case.obj)' or at ''; linking object as if no debug info
v8_monolith.lib(propname.obj) : warning LNK4099: PDB '' was not found with 'v8_monolith.lib(propname.obj)' or at ''; linking object as if no debug info
v8_monolith.lib(ucase.obj) : warning LNK4099: PDB '' was not found with 'v8_monolith.lib(ucase.obj)' or at ''; linking object as if no debug info
v8_monolith.lib(uniset_props.obj) : warning LNK4099: PDB '' was not found with 'v8_monolith.lib(uniset_props.obj)' or at ''; linking object as if no debug info
v8_monolith.lib(usetiter.obj) : warning LNK4099: PDB '' was not found with 'v8_monolith.lib(usetiter.obj)' or at ''; linking object as if no debug info
v8_monolith.lib(ubidi_props.obj) : warning LNK4099: PDB '' was not found with 'v8_monolith.lib(ubidi_props.obj)' or at ''; linking object as if no debug info
v8_monolith.lib(normalizer2.obj) : warning LNK4099: PDB '' was not found with 'v8_monolith.lib(normalizer2.obj)' or at ''; linking object as if no debug info
v8_monolith.lib(ucptrie.obj) : warning LNK4099: PDB '' was not found with 'v8_monolith.lib(ucptrie.obj)' or at ''; linking object as if no debug info
v8_monolith.lib(ustrcase.obj) : warning LNK4099: PDB '' was not found with 'v8_monolith.lib(ustrcase.obj)' or at ''; linking object as if no debug info
v8_monolith.lib(emojiprops.obj) : warning LNK4099: PDB '' was not found with 'v8_monolith.lib(emojiprops.obj)' or at ''; linking object as if no debug info
v8_monolith.lib(normalizer2impl.obj) : warning LNK4099: PDB '' was not found with 'v8_monolith.lib(normalizer2impl.obj)' or at ''; linking object as if no debug info
v8_monolith.lib(utrie2.obj) : warning LNK4099: PDB '' was not found with 'v8_monolith.lib(utrie2.obj)' or at ''; linking object as if no debug info
v8_monolith.lib(runtime-array.obj) : warning LNK4099: PDB '' was not found with 'v8_monolith.lib(runtime-array.obj)' or at ''; linking object as if no debug info
v8_monolith.lib(runtime-atomics.obj) : warning LNK4099: PDB '' was not found with 'v8_monolith.lib(runtime-atomics.obj)' or at ''; linking object as if no debug info
v8_monolith.lib(runtime-futex.obj) : warning LNK4099: PDB '' was not found with 'v8_monolith.lib(runtime-futex.obj)' or at ''; linking object as if no debug info
v8_monolith.lib(runtime-test.obj) : warning LNK4099: PDB '' was not found with 'v8_monolith.lib(runtime-test.obj)' or at ''; linking object as if no debug info
v8_monolith.lib(runtime-bigint.obj) : warning LNK4099: PDB '' was not found with 'v8_monolith.lib(runtime-bigint.obj)' or at ''; linking object as if no debug info
v8_monolith.lib(runtime-classes.obj) : warning LNK4099: PDB '' was not found with 'v8_monolith.lib(runtime-classes.obj)' or at ''; linking object as if no debug info
v8_monolith.lib(runtime-collections.obj) : warning LNK4099: PDB '' was not found with 'v8_monolith.lib(runtime-collections.obj)' or at ''; linking object as if no debug info
v8_monolith.lib(runtime-compiler.obj) : warning LNK4099: PDB '' was not found with 'v8_monolith.lib(runtime-compiler.obj)' or at ''; linking object as if no debug info
v8_monolith.lib(runtime-date.obj) : warning LNK4099: PDB '' was not found with 'v8_monolith.lib(runtime-date.obj)' or at ''; linking object as if no debug info
v8_monolith.lib(runtime-forin.obj) : warning LNK4099: PDB '' was not found with 'v8_monolith.lib(runtime-forin.obj)' or at ''; linking object as if no debug info
v8_monolith.lib(runtime-function.obj) : warning LNK4099: PDB '' was not found with 'v8_monolith.lib(runtime-function.obj)' or at ''; linking object as if no debug info
v8_monolith.lib(runtime-generator.obj) : warning LNK4099: PDB '' was not found with 'v8_monolith.lib(runtime-generator.obj)' or at ''; linking object as if no debug info
v8_monolith.lib(runtime-internal.obj) : warning LNK4099: PDB '' was not found with 'v8_monolith.lib(runtime-internal.obj)' or at ''; linking object as if no debug info
v8_monolith.lib(runtime-promise.obj) : warning LNK4099: PDB '' was not found with 'v8_monolith.lib(runtime-promise.obj)' or at ''; linking object as if no debug info
v8_monolith.lib(runtime-intl.obj) : warning LNK4099: PDB '' was not found with 'v8_monolith.lib(runtime-intl.obj)' or at ''; linking object as if no debug info
v8_monolith.lib(runtime-literals.obj) : warning LNK4099: PDB '' was not found with 'v8_monolith.lib(runtime-literals.obj)' or at ''; linking object as if no debug info
v8_monolith.lib(runtime-module.obj) : warning LNK4099: PDB '' was not found with 'v8_monolith.lib(runtime-module.obj)' or at ''; linking object as if no debug info
v8_monolith.lib(runtime-numbers.obj) : warning LNK4099: PDB '' was not found with 'v8_monolith.lib(runtime-numbers.obj)' or at ''; linking object as if no debug info
v8_monolith.lib(runtime-operators.obj) : warning LNK4099: PDB '' was not found with 'v8_monolith.lib(runtime-operators.obj)' or at ''; linking object as if no debug info
v8_monolith.lib(runtime-proxy.obj) : warning LNK4099: PDB '' was not found with 'v8_monolith.lib(runtime-proxy.obj)' or at ''; linking object as if no debug info
v8_monolith.lib(runtime-regexp.obj) : warning LNK4099: PDB '' was not found with 'v8_monolith.lib(runtime-regexp.obj)' or at ''; linking object as if no debug info
v8_monolith.lib(runtime-scopes.obj) : warning LNK4099: PDB '' was not found with 'v8_monolith.lib(runtime-scopes.obj)' or at ''; linking object as if no debug info
v8_monolith.lib(runtime-shadow-realm.obj) : warning LNK4099: PDB '' was not found with 'v8_monolith.lib(runtime-shadow-realm.obj)' or at ''; linking object as if no debug info
v8_monolith.lib(runtime-strings.obj) : warning LNK4099: PDB '' was not found with 'v8_monolith.lib(runtime-strings.obj)' or at ''; linking object as if no debug info
v8_monolith.lib(runtime-symbol.obj) : warning LNK4099: PDB '' was not found with 'v8_monolith.lib(runtime-symbol.obj)' or at ''; linking object as if no debug info
v8_monolith.lib(runtime-temporal.obj) : warning LNK4099: PDB '' was not found with 'v8_monolith.lib(runtime-temporal.obj)' or at ''; linking object as if no debug info
v8_monolith.lib(runtime-typedarray.obj) : warning LNK4099: PDB '' was not found with 'v8_monolith.lib(runtime-typedarray.obj)' or at ''; linking object as if no debug info
v8_monolith.lib(runtime-wasm.obj) : warning LNK4099: PDB '' was not found with 'v8_monolith.lib(runtime-wasm.obj)' or at ''; linking object as if no debug info
v8_monolith.lib(runtime-test-wasm.obj) : warning LNK4099: PDB '' was not found with 'v8_monolith.lib(runtime-test-wasm.obj)' or at ''; linking object as if no debug info
v8_monolith.lib(runtime-weak-refs.obj) : warning LNK4099: PDB '' was not found with 'v8_monolith.lib(runtime-weak-refs.obj)' or at ''; linking object as if no debug info
v8_monolith.lib(bytecode-flags.obj) : warning LNK4099: PDB '' was not found with 'v8_monolith.lib(bytecode-flags.obj)' or at ''; linking object as if no debug info
v8_monolith.lib(handler-table-builder.obj) : warning LNK4099: PDB '' was not found with 'v8_monolith.lib(handler-table-builder.obj)' or at ''; linking object as if no debug info
v8_monolith.lib(bytecode-array-builder.obj) : warning LNK4099: PDB '' was not found with 'v8_monolith.lib(bytecode-array-builder.obj)' or at ''; linking object as if no debug info
v8_monolith.lib(bytecode-label.obj) : warning LNK4099: PDB '' was not found with 'v8_monolith.lib(bytecode-label.obj)' or at ''; linking object as if no debug info
v8_monolith.lib(bytecode-register-optimizer.obj) : warning LNK4099: PDB '' was not found with 'v8_monolith.lib(bytecode-register-optimizer.obj)' or at ''; linking object as if no debug info
v8_monolith.lib(control-flow-builders.obj) : warning LNK4099: PDB '' was not found with 'v8_monolith.lib(control-flow-builders.obj)' or at ''; linking object as if no debug info
v8_monolith.lib(appendable.obj) : warning LNK4099: PDB '' was not found with 'v8_monolith.lib(appendable.obj)' or at ''; linking object as if no debug info
v8_monolith.lib(uinvchar.obj) : warning LNK4099: PDB '' was not found with 'v8_monolith.lib(uinvchar.obj)' or at ''; linking object as if no debug info
v8_monolith.lib(ustrtrns.obj) : warning LNK4099: PDB '' was not found with 'v8_monolith.lib(ustrtrns.obj)' or at ''; linking object as if no debug info
v8_monolith.lib(locmap.obj) : warning LNK4099: PDB '' was not found with 'v8_monolith.lib(locmap.obj)' or at ''; linking object as if no debug info
v8_monolith.lib(uarrsort.obj) : warning LNK4099: PDB '' was not found with 'v8_monolith.lib(uarrsort.obj)' or at ''; linking object as if no debug info
v8_monolith.lib(uresdata.obj) : warning LNK4099: PDB '' was not found with 'v8_monolith.lib(uresdata.obj)' or at ''; linking object as if no debug info
v8_monolith.lib(resource.obj) : warning LNK4099: PDB '' was not found with 'v8_monolith.lib(resource.obj)' or at ''; linking object as if no debug info
v8_monolith.lib(edits.obj) : warning LNK4099: PDB '' was not found with 'v8_monolith.lib(edits.obj)' or at ''; linking object as if no debug info
v8_monolith.lib(wintz.obj) : warning LNK4099: PDB '' was not found with 'v8_monolith.lib(wintz.obj)' or at ''; linking object as if no debug info
v8_monolith.lib(utrace.obj) : warning LNK4099: PDB '' was not found with 'v8_monolith.lib(utrace.obj)' or at ''; linking object as if no debug info
v8_monolith.lib(uscript_props.obj) : warning LNK4099: PDB '' was not found with 'v8_monolith.lib(uscript_props.obj)' or at ''; linking object as if no debug info
v8_monolith.lib(errorcode.obj) : warning LNK4099: PDB '' was not found with 'v8_monolith.lib(errorcode.obj)' or at ''; linking object as if no debug info
v8_monolith.lib(simpletz.obj) : warning LNK4099: PDB '' was not found with 'v8_monolith.lib(simpletz.obj)' or at ''; linking object as if no debug info
v8_monolith.lib(parsepos.obj) : warning LNK4099: PDB '' was not found with 'v8_monolith.lib(parsepos.obj)' or at ''; linking object as if no debug info
v8_monolith.lib(tznames.obj) : warning LNK4099: PDB '' was not found with 'v8_monolith.lib(tznames.obj)' or at ''; linking object as if no debug info
v8_monolith.lib(tzfmt.obj) : warning LNK4099: PDB '' was not found with 'v8_monolith.lib(tzfmt.obj)' or at ''; linking object as if no debug info
v8_monolith.lib(gregoimp.obj) : warning LNK4099: PDB '' was not found with 'v8_monolith.lib(gregoimp.obj)' or at ''; linking object as if no debug info
v8_monolith.lib(olsontz.obj) : warning LNK4099: PDB '' was not found with 'v8_monolith.lib(olsontz.obj)' or at ''; linking object as if no debug info
v8_monolith.lib(ucln_in.obj) : warning LNK4099: PDB '' was not found with 'v8_monolith.lib(ucln_in.obj)' or at ''; linking object as if no debug info
v8_monolith.lib(zonemeta.obj) : warning LNK4099: PDB '' was not found with 'v8_monolith.lib(zonemeta.obj)' or at ''; linking object as if no debug info
v8_monolith.lib(ucal.obj) : warning LNK4099: PDB '' was not found with 'v8_monolith.lib(ucal.obj)' or at ''; linking object as if no debug info
v8_monolith.lib(buddhcal.obj) : warning LNK4099: PDB '' was not found with 'v8_monolith.lib(buddhcal.obj)' or at ''; linking object as if no debug info
v8_monolith.lib(taiwncal.obj) : warning LNK4099: PDB '' was not found with 'v8_monolith.lib(taiwncal.obj)' or at ''; linking object as if no debug info
v8_monolith.lib(japancal.obj) : warning LNK4099: PDB '' was not found with 'v8_monolith.lib(japancal.obj)' or at ''; linking object as if no debug info
v8_monolith.lib(islamcal.obj) : warning LNK4099: PDB '' was not found with 'v8_monolith.lib(islamcal.obj)' or at ''; linking object as if no debug info
v8_monolith.lib(hebrwcal.obj) : warning LNK4099: PDB '' was not found with 'v8_monolith.lib(hebrwcal.obj)' or at ''; linking object as if no debug info
v8_monolith.lib(persncal.obj) : warning LNK4099: PDB '' was not found with 'v8_monolith.lib(persncal.obj)' or at ''; linking object as if no debug info
v8_monolith.lib(indiancal.obj) : warning LNK4099: PDB '' was not found with 'v8_monolith.lib(indiancal.obj)' or at ''; linking object as if no debug info
v8_monolith.lib(chnsecal.obj) : warning LNK4099: PDB '' was not found with 'v8_monolith.lib(chnsecal.obj)' or at ''; linking object as if no debug info
v8_monolith.lib(coptccal.obj) : warning LNK4099: PDB '' was not found with 'v8_monolith.lib(coptccal.obj)' or at ''; linking object as if no debug info
v8_monolith.lib(dangical.obj) : warning LNK4099: PDB '' was not found with 'v8_monolith.lib(dangical.obj)' or at ''; linking object as if no debug info
v8_monolith.lib(ethpccal.obj) : warning LNK4099: PDB '' was not found with 'v8_monolith.lib(ethpccal.obj)' or at ''; linking object as if no debug info
v8_monolith.lib(servnotf.obj) : warning LNK4099: PDB '' was not found with 'v8_monolith.lib(servnotf.obj)' or at ''; linking object as if no debug info
v8_monolith.lib(serv.obj) : warning LNK4099: PDB '' was not found with 'v8_monolith.lib(serv.obj)' or at ''; linking object as if no debug info
v8_monolith.lib(locutil.obj) : warning LNK4099: PDB '' was not found with 'v8_monolith.lib(locutil.obj)' or at ''; linking object as if no debug info
v8_monolith.lib(servlkf.obj) : warning LNK4099: PDB '' was not found with 'v8_monolith.lib(servlkf.obj)' or at ''; linking object as if no debug info
v8_monolith.lib(servrbf.obj) : warning LNK4099: PDB '' was not found with 'v8_monolith.lib(servrbf.obj)' or at ''; linking object as if no debug info
v8_monolith.lib(servls.obj) : warning LNK4099: PDB '' was not found with 'v8_monolith.lib(servls.obj)' or at ''; linking object as if no debug info
v8_monolith.lib(locbased.obj) : warning LNK4099: PDB '' was not found with 'v8_monolith.lib(locbased.obj)' or at ''; linking object as if no debug info
v8_monolith.lib(sharedobject.obj) : warning LNK4099: PDB '' was not found with 'v8_monolith.lib(sharedobject.obj)' or at ''; linking object as if no debug info
v8_monolith.lib(unifiedcache.obj) : warning LNK4099: PDB '' was not found with 'v8_monolith.lib(unifiedcache.obj)' or at ''; linking object as if no debug info
v8_monolith.lib(uiter.obj) : warning LNK4099: PDB '' was not found with 'v8_monolith.lib(uiter.obj)' or at ''; linking object as if no debug info
v8_monolith.lib(ucol_res.obj) : warning LNK4099: PDB '' was not found with 'v8_monolith.lib(ucol_res.obj)' or at ''; linking object as if no debug info
v8_monolith.lib(ucol.obj) : warning LNK4099: PDB '' was not found with 'v8_monolith.lib(ucol.obj)' or at ''; linking object as if no debug info
v8_monolith.lib(locdispnames.obj) : warning LNK4099: PDB '' was not found with 'v8_monolith.lib(locdispnames.obj)' or at ''; linking object as if no debug info
v8_monolith.lib(rulebasedcollator.obj) : warning LNK4099: PDB '' was not found with 'v8_monolith.lib(rulebasedcollator.obj)' or at ''; linking object as if no debug info
v8_monolith.lib(collationdata.obj) : warning LNK4099: PDB '' was not found with 'v8_monolith.lib(collationdata.obj)' or at ''; linking object as if no debug info
v8_monolith.lib(collationroot.obj) : warning LNK4099: PDB '' was not found with 'v8_monolith.lib(collationroot.obj)' or at ''; linking object as if no debug info
v8_monolith.lib(ulist.obj) : warning LNK4099: PDB '' was not found with 'v8_monolith.lib(ulist.obj)' or at ''; linking object as if no debug info
v8_monolith.lib(static_unicode_sets.obj) : warning LNK4099: PDB '' was not found with 'v8_monolith.lib(static_unicode_sets.obj)' or at ''; linking object as if no debug info
v8_monolith.lib(localeprioritylist.obj) : warning LNK4099: PDB '' was not found with 'v8_monolith.lib(localeprioritylist.obj)' or at ''; linking object as if no debug info
v8_monolith.lib(lsr.obj) : warning LNK4099: PDB '' was not found with 'v8_monolith.lib(lsr.obj)' or at ''; linking object as if no debug info
v8_monolith.lib(loclikelysubtags.obj) : warning LNK4099: PDB '' was not found with 'v8_monolith.lib(loclikelysubtags.obj)' or at ''; linking object as if no debug info
v8_monolith.lib(locdistance.obj) : warning LNK4099: PDB '' was not found with 'v8_monolith.lib(locdistance.obj)' or at ''; linking object as if no debug info
v8_monolith.lib(macro-assembler-shared-ia32-x64.obj) : warning LNK4099: PDB '' was not found with 'v8_monolith.lib(macro-assembler-shared-ia32-x64.obj)' or at ''; linking object as if no debug info
v8_monolith.lib(liftoff-assembler.obj) : warning LNK4099: PDB '' was not found with 'v8_monolith.lib(liftoff-assembler.obj)' or at ''; linking object as if no debug info
v8_monolith.lib(simd-shuffle.obj) : warning LNK4099: PDB '' was not found with 'v8_monolith.lib(simd-shuffle.obj)' or at ''; linking object as if no debug info
v8_monolith.lib(deflate.obj) : warning LNK4099: PDB '' was not found with 'v8_monolith.lib(deflate.obj)' or at ''; linking object as if no debug info
v8_monolith.lib(inflate.obj) : warning LNK4099: PDB '' was not found with 'v8_monolith.lib(inflate.obj)' or at ''; linking object as if no debug info
v8_monolith.lib(cpu_features.obj) : warning LNK4099: PDB '' was not found with 'v8_monolith.lib(cpu_features.obj)' or at ''; linking object as if no debug info
v8_monolith.lib(adler32_simd.obj) : warning LNK4099: PDB '' was not found with 'v8_monolith.lib(adler32_simd.obj)' or at ''; linking object as if no debug info
v8_monolith.lib(local-decl-encoder.obj) : warning LNK4099: PDB '' was not found with 'v8_monolith.lib(local-decl-encoder.obj)' or at ''; linking object as if no debug info
v8_monolith.lib(asm-scanner.obj) : warning LNK4099: PDB '' was not found with 'v8_monolith.lib(asm-scanner.obj)' or at ''; linking object as if no debug info
v8_monolith.lib(asm-types.obj) : warning LNK4099: PDB '' was not found with 'v8_monolith.lib(asm-types.obj)' or at ''; linking object as if no debug info
v8_monolith.lib(tick-counter.obj) : warning LNK4099: PDB '' was not found with 'v8_monolith.lib(tick-counter.obj)' or at ''; linking object as if no debug info
v8_monolith.lib(graph-reducer.obj) : warning LNK4099: PDB '' was not found with 'v8_monolith.lib(graph-reducer.obj)' or at ''; linking object as if no debug info
v8_monolith.lib(frame.obj) : warning LNK4099: PDB '' was not found with 'v8_monolith.lib(frame.obj)' or at ''; linking object as if no debug info
v8_monolith.lib(js-operator.obj) : warning LNK4099: PDB '' was not found with 'v8_monolith.lib(js-operator.obj)' or at ''; linking object as if no debug info
v8_monolith.lib(js-graph.obj) : warning LNK4099: PDB '' was not found with 'v8_monolith.lib(js-graph.obj)' or at ''; linking object as if no debug info
v8_monolith.lib(add-type-assertions-reducer.obj) : warning LNK4099: PDB '' was not found with 'v8_monolith.lib(add-type-assertions-reducer.obj)' or at ''; linking object as if no debug info
v8_monolith.lib(all-nodes.obj) : warning LNK4099: PDB '' was not found with 'v8_monolith.lib(all-nodes.obj)' or at ''; linking object as if no debug info
v8_monolith.lib(bitcast-elider.obj) : warning LNK4099: PDB '' was not found with 'v8_monolith.lib(bitcast-elider.obj)' or at ''; linking object as if no debug info
v8_monolith.lib(instruction.obj) : warning LNK4099: PDB '' was not found with 'v8_monolith.lib(instruction.obj)' or at ''; linking object as if no debug info
v8_monolith.lib(osr.obj) : warning LNK4099: PDB '' was not found with 'v8_monolith.lib(osr.obj)' or at ''; linking object as if no debug info
v8_monolith.lib(code-generator.obj) : warning LNK4099: PDB '' was not found with 'v8_monolith.lib(code-generator.obj)' or at ''; linking object as if no debug info
v8_monolith.lib(frame-elider.obj) : warning LNK4099: PDB '' was not found with 'v8_monolith.lib(frame-elider.obj)' or at ''; linking object as if no debug info
v8_monolith.lib(instruction-selector.obj) : warning LNK4099: PDB '' was not found with 'v8_monolith.lib(instruction-selector.obj)' or at ''; linking object as if no debug info
v8_monolith.lib(jump-threading.obj) : warning LNK4099: PDB '' was not found with 'v8_monolith.lib(jump-threading.obj)' or at ''; linking object as if no debug info
v8_monolith.lib(mid-tier-register-allocator.obj) : warning LNK4099: PDB '' was not found with 'v8_monolith.lib(mid-tier-register-allocator.obj)' or at ''; linking object as if no debug info
v8_monolith.lib(move-optimizer.obj) : warning LNK4099: PDB '' was not found with 'v8_monolith.lib(move-optimizer.obj)' or at ''; linking object as if no debug info
v8_monolith.lib(register-allocator-verifier.obj) : warning LNK4099: PDB '' was not found with 'v8_monolith.lib(register-allocator-verifier.obj)' or at ''; linking object as if no debug info
v8_monolith.lib(register-allocator.obj) : warning LNK4099: PDB '' was not found with 'v8_monolith.lib(register-allocator.obj)' or at ''; linking object as if no debug info
v8_monolith.lib(basic-block-instrumentor.obj) : warning LNK4099: PDB '' was not found with 'v8_monolith.lib(basic-block-instrumentor.obj)' or at ''; linking object as if no debug info
v8_monolith.lib(branch-condition-duplicator.obj) : warning LNK4099: PDB '' was not found with 'v8_monolith.lib(branch-condition-duplicator.obj)' or at ''; linking object as if no debug info
v8_monolith.lib(branch-elimination.obj) : warning LNK4099: PDB '' was not found with 'v8_monolith.lib(branch-elimination.obj)' or at ''; linking object as if no debug info
v8_monolith.lib(bytecode-graph-builder.obj) : warning LNK4099: PDB '' was not found with 'v8_monolith.lib(bytecode-graph-builder.obj)' or at ''; linking object as if no debug info
v8_monolith.lib(checkpoint-elimination.obj) : warning LNK4099: PDB '' was not found with 'v8_monolith.lib(checkpoint-elimination.obj)' or at ''; linking object as if no debug info
v8_monolith.lib(common-operator-reducer.obj) : warning LNK4099: PDB '' was not found with 'v8_monolith.lib(common-operator-reducer.obj)' or at ''; linking object as if no debug info
v8_monolith.lib(constant-folding-reducer.obj) : warning LNK4099: PDB '' was not found with 'v8_monolith.lib(constant-folding-reducer.obj)' or at ''; linking object as if no debug info
v8_monolith.lib(control-flow-optimizer.obj) : warning LNK4099: PDB '' was not found with 'v8_monolith.lib(control-flow-optimizer.obj)' or at ''; linking object as if no debug info
v8_monolith.lib(csa-load-elimination.obj) : warning LNK4099: PDB '' was not found with 'v8_monolith.lib(csa-load-elimination.obj)' or at ''; linking object as if no debug info
v8_monolith.lib(dead-code-elimination.obj) : warning LNK4099: PDB '' was not found with 'v8_monolith.lib(dead-code-elimination.obj)' or at ''; linking object as if no debug info
v8_monolith.lib(decompression-optimizer.obj) : warning LNK4099: PDB '' was not found with 'v8_monolith.lib(decompression-optimizer.obj)' or at ''; linking object as if no debug info
v8_monolith.lib(effect-control-linearizer.obj) : warning LNK4099: PDB '' was not found with 'v8_monolith.lib(effect-control-linearizer.obj)' or at ''; linking object as if no debug info
v8_monolith.lib(escape-analysis.obj) : warning LNK4099: PDB '' was not found with 'v8_monolith.lib(escape-analysis.obj)' or at ''; linking object as if no debug info
v8_monolith.lib(escape-analysis-reducer.obj) : warning LNK4099: PDB '' was not found with 'v8_monolith.lib(escape-analysis-reducer.obj)' or at ''; linking object as if no debug info
v8_monolith.lib(graph-trimmer.obj) : warning LNK4099: PDB '' was not found with 'v8_monolith.lib(graph-trimmer.obj)' or at ''; linking object as if no debug info
v8_monolith.lib(js-call-reducer.obj) : warning LNK4099: PDB '' was not found with 'v8_monolith.lib(js-call-reducer.obj)' or at ''; linking object as if no debug info
v8_monolith.lib(js-context-specialization.obj) : warning LNK4099: PDB '' was not found with 'v8_monolith.lib(js-context-specialization.obj)' or at ''; linking object as if no debug info
v8_monolith.lib(js-create-lowering.obj) : warning LNK4099: PDB '' was not found with 'v8_monolith.lib(js-create-lowering.obj)' or at ''; linking object as if no debug info
v8_monolith.lib(js-generic-lowering.obj) : warning LNK4099: PDB '' was not found with 'v8_monolith.lib(js-generic-lowering.obj)' or at ''; linking object as if no debug info
v8_monolith.lib(js-inlining-heuristic.obj) : warning LNK4099: PDB '' was not found with 'v8_monolith.lib(js-inlining-heuristic.obj)' or at ''; linking object as if no debug info
v8_monolith.lib(js-intrinsic-lowering.obj) : warning LNK4099: PDB '' was not found with 'v8_monolith.lib(js-intrinsic-lowering.obj)' or at ''; linking object as if no debug info
v8_monolith.lib(js-native-context-specialization.obj) : warning LNK4099: PDB '' was not found with 'v8_monolith.lib(js-native-context-specialization.obj)' or at ''; linking object as if no debug info
v8_monolith.lib(js-typed-lowering.obj) : warning LNK4099: PDB '' was not found with 'v8_monolith.lib(js-typed-lowering.obj)' or at ''; linking object as if no debug info
v8_monolith.lib(late-escape-analysis.obj) : warning LNK4099: PDB '' was not found with 'v8_monolith.lib(late-escape-analysis.obj)' or at ''; linking object as if no debug info
v8_monolith.lib(load-elimination.obj) : warning LNK4099: PDB '' was not found with 'v8_monolith.lib(load-elimination.obj)' or at ''; linking object as if no debug info
v8_monolith.lib(loop-analysis.obj) : warning LNK4099: PDB '' was not found with 'v8_monolith.lib(loop-analysis.obj)' or at ''; linking object as if no debug info
v8_monolith.lib(loop-peeling.obj) : warning LNK4099: PDB '' was not found with 'v8_monolith.lib(loop-peeling.obj)' or at ''; linking object as if no debug info
v8_monolith.lib(loop-unrolling.obj) : warning LNK4099: PDB '' was not found with 'v8_monolith.lib(loop-unrolling.obj)' or at ''; linking object as if no debug info
v8_monolith.lib(loop-variable-optimizer.obj) : warning LNK4099: PDB '' was not found with 'v8_monolith.lib(loop-variable-optimizer.obj)' or at ''; linking object as if no debug info
v8_monolith.lib(machine-graph-verifier.obj) : warning LNK4099: PDB '' was not found with 'v8_monolith.lib(machine-graph-verifier.obj)' or at ''; linking object as if no debug info
v8_monolith.lib(machine-operator-reducer.obj) : warning LNK4099: PDB '' was not found with 'v8_monolith.lib(machine-operator-reducer.obj)' or at ''; linking object as if no debug info
v8_monolith.lib(memory-optimizer.obj) : warning LNK4099: PDB '' was not found with 'v8_monolith.lib(memory-optimizer.obj)' or at ''; linking object as if no debug info
v8_monolith.lib(zone-stats.obj) : warning LNK4099: PDB '' was not found with 'v8_monolith.lib(zone-stats.obj)' or at ''; linking object as if no debug info
v8_monolith.lib(pipeline-statistics.obj) : warning LNK4099: PDB '' was not found with 'v8_monolith.lib(pipeline-statistics.obj)' or at ''; linking object as if no debug info
v8_monolith.lib(redundancy-elimination.obj) : warning LNK4099: PDB '' was not found with 'v8_monolith.lib(redundancy-elimination.obj)' or at ''; linking object as if no debug info
v8_monolith.lib(schedule.obj) : warning LNK4099: PDB '' was not found with 'v8_monolith.lib(schedule.obj)' or at ''; linking object as if no debug info
v8_monolith.lib(scheduler.obj) : warning LNK4099: PDB '' was not found with 'v8_monolith.lib(scheduler.obj)' or at ''; linking object as if no debug info
v8_monolith.lib(select-lowering.obj) : warning LNK4099: PDB '' was not found with 'v8_monolith.lib(select-lowering.obj)' or at ''; linking object as if no debug info
v8_monolith.lib(simplified-lowering.obj) : warning LNK4099: PDB '' was not found with 'v8_monolith.lib(simplified-lowering.obj)' or at ''; linking object as if no debug info
v8_monolith.lib(simplified-operator-reducer.obj) : warning LNK4099: PDB '' was not found with 'v8_monolith.lib(simplified-operator-reducer.obj)' or at ''; linking object as if no debug info
v8_monolith.lib(store-store-elimination.obj) : warning LNK4099: PDB '' was not found with 'v8_monolith.lib(store-store-elimination.obj)' or at ''; linking object as if no debug info
v8_monolith.lib(phase.obj) : warning LNK4099: PDB '' was not found with 'v8_monolith.lib(phase.obj)' or at ''; linking object as if no debug info
v8_monolith.lib(build-graph-phase.obj) : warning LNK4099: PDB '' was not found with 'v8_monolith.lib(build-graph-phase.obj)' or at ''; linking object as if no debug info
v8_monolith.lib(dead-code-elimination-phase.obj) : warning LNK4099: PDB '' was not found with 'v8_monolith.lib(dead-code-elimination-phase.obj)' or at ''; linking object as if no debug info
v8_monolith.lib(decompression-optimization-phase.obj) : warning LNK4099: PDB '' was not found with 'v8_monolith.lib(decompression-optimization-phase.obj)' or at ''; linking object as if no debug info
v8_monolith.lib(late-optimization-phase.obj) : warning LNK4099: PDB '' was not found with 'v8_monolith.lib(late-optimization-phase.obj)' or at ''; linking object as if no debug info
v8_monolith.lib(machine-lowering-phase.obj) : warning LNK4099: PDB '' was not found with 'v8_monolith.lib(machine-lowering-phase.obj)' or at ''; linking object as if no debug info
v8_monolith.lib(optimize-phase.obj) : warning LNK4099: PDB '' was not found with 'v8_monolith.lib(optimize-phase.obj)' or at ''; linking object as if no debug info
v8_monolith.lib(recreate-schedule-phase.obj) : warning LNK4099: PDB '' was not found with 'v8_monolith.lib(recreate-schedule-phase.obj)' or at ''; linking object as if no debug info
v8_monolith.lib(simplify-tf-loops.obj) : warning LNK4099: PDB '' was not found with 'v8_monolith.lib(simplify-tf-loops.obj)' or at ''; linking object as if no debug info
v8_monolith.lib(tag-untag-lowering-phase.obj) : warning LNK4099: PDB '' was not found with 'v8_monolith.lib(tag-untag-lowering-phase.obj)' or at ''; linking object as if no debug info
v8_monolith.lib(type-assertions-phase.obj) : warning LNK4099: PDB '' was not found with 'v8_monolith.lib(type-assertions-phase.obj)' or at ''; linking object as if no debug info
v8_monolith.lib(typed-optimizations-phase.obj) : warning LNK4099: PDB '' was not found with 'v8_monolith.lib(typed-optimizations-phase.obj)' or at ''; linking object as if no debug info
v8_monolith.lib(type-narrowing-reducer.obj) : warning LNK4099: PDB '' was not found with 'v8_monolith.lib(type-narrowing-reducer.obj)' or at ''; linking object as if no debug info
v8_monolith.lib(typed-optimization.obj) : warning LNK4099: PDB '' was not found with 'v8_monolith.lib(typed-optimization.obj)' or at ''; linking object as if no debug info
v8_monolith.lib(typer.obj) : warning LNK4099: PDB '' was not found with 'v8_monolith.lib(typer.obj)' or at ''; linking object as if no debug info
v8_monolith.lib(value-numbering-reducer.obj) : warning LNK4099: PDB '' was not found with 'v8_monolith.lib(value-numbering-reducer.obj)' or at ''; linking object as if no debug info
v8_monolith.lib(verifier.obj) : warning LNK4099: PDB '' was not found with 'v8_monolith.lib(verifier.obj)' or at ''; linking object as if no debug info
v8_monolith.lib(wasm-escape-analysis.obj) : warning LNK4099: PDB '' was not found with 'v8_monolith.lib(wasm-escape-analysis.obj)' or at ''; linking object as if no debug info
v8_monolith.lib(wasm-gc-lowering.obj) : warning LNK4099: PDB '' was not found with 'v8_monolith.lib(wasm-gc-lowering.obj)' or at ''; linking object as if no debug info
v8_monolith.lib(wasm-gc-operator-reducer.obj) : warning LNK4099: PDB '' was not found with 'v8_monolith.lib(wasm-gc-operator-reducer.obj)' or at ''; linking object as if no debug info
v8_monolith.lib(wasm-inlining.obj) : warning LNK4099: PDB '' was not found with 'v8_monolith.lib(wasm-inlining.obj)' or at ''; linking object as if no debug info
v8_monolith.lib(wasm-load-elimination.obj) : warning LNK4099: PDB '' was not found with 'v8_monolith.lib(wasm-load-elimination.obj)' or at ''; linking object as if no debug info
v8_monolith.lib(wasm-loop-peeling.obj) : warning LNK4099: PDB '' was not found with 'v8_monolith.lib(wasm-loop-peeling.obj)' or at ''; linking object as if no debug info
v8_monolith.lib(wasm-typer.obj) : warning LNK4099: PDB '' was not found with 'v8_monolith.lib(wasm-typer.obj)' or at ''; linking object as if no debug info
v8_monolith.lib(linear-scheduler.obj) : warning LNK4099: PDB '' was not found with 'v8_monolith.lib(linear-scheduler.obj)' or at ''; linking object as if no debug info
v8_monolith.lib(revectorizer.obj) : warning LNK4099: PDB '' was not found with 'v8_monolith.lib(revectorizer.obj)' or at ''; linking object as if no debug info
v8_monolith.lib(literal-buffer.obj) : warning LNK4099: PDB '' was not found with 'v8_monolith.lib(literal-buffer.obj)' or at ''; linking object as if no debug info
v8_monolith.lib(util.obj) : warning LNK4099: PDB '' was not found with 'v8_monolith.lib(util.obj)' or at ''; linking object as if no debug info
v8_monolith.lib(uvectr32.obj) : warning LNK4099: PDB '' was not found with 'v8_monolith.lib(uvectr32.obj)' or at ''; linking object as if no debug info
v8_monolith.lib(reldtfmt.obj) : warning LNK4099: PDB '' was not found with 'v8_monolith.lib(reldtfmt.obj)' or at ''; linking object as if no debug info
v8_monolith.lib(windtfmt.obj) : warning LNK4099: PDB '' was not found with 'v8_monolith.lib(windtfmt.obj)' or at ''; linking object as if no debug info
v8_monolith.lib(unistr_props.obj) : warning LNK4099: PDB '' was not found with 'v8_monolith.lib(unistr_props.obj)' or at ''; linking object as if no debug info
v8_monolith.lib(unistr_titlecase_brkiter.obj) : warning LNK4099: PDB '' was not found with 'v8_monolith.lib(unistr_titlecase_brkiter.obj)' or at ''; linking object as if no debug info
v8_monolith.lib(dtfmtsym.obj) : warning LNK4099: PDB '' was not found with 'v8_monolith.lib(dtfmtsym.obj)' or at ''; linking object as if no debug info
v8_monolith.lib(msgfmt.obj) : warning LNK4099: PDB '' was not found with 'v8_monolith.lib(msgfmt.obj)' or at ''; linking object as if no debug info
v8_monolith.lib(tzrule.obj) : warning LNK4099: PDB '' was not found with 'v8_monolith.lib(tzrule.obj)' or at ''; linking object as if no debug info
v8_monolith.lib(simpleformatter.obj) : warning LNK4099: PDB '' was not found with 'v8_monolith.lib(simpleformatter.obj)' or at ''; linking object as if no debug info
v8_monolith.lib(patternprops.obj) : warning LNK4099: PDB '' was not found with 'v8_monolith.lib(patternprops.obj)' or at ''; linking object as if no debug info
v8_monolith.lib(fphdlimp.obj) : warning LNK4099: PDB '' was not found with 'v8_monolith.lib(fphdlimp.obj)' or at ''; linking object as if no debug info
v8_monolith.lib(smpdtfst.obj) : warning LNK4099: PDB '' was not found with 'v8_monolith.lib(smpdtfst.obj)' or at ''; linking object as if no debug info
v8_monolith.lib(dayperiodrules.obj) : warning LNK4099: PDB '' was not found with 'v8_monolith.lib(dayperiodrules.obj)' or at ''; linking object as if no debug info
v8_monolith.lib(formatted_string_builder.obj) : warning LNK4099: PDB '' was not found with 'v8_monolith.lib(formatted_string_builder.obj)' or at ''; linking object as if no debug info
v8_monolith.lib(number_decimalquantity.obj) : warning LNK4099: PDB '' was not found with 'v8_monolith.lib(number_decimalquantity.obj)' or at ''; linking object as if no debug info
v8_monolith.lib(formattedval_sbimpl.obj) : warning LNK4099: PDB '' was not found with 'v8_monolith.lib(formattedval_sbimpl.obj)' or at ''; linking object as if no debug info
v8_monolith.lib(dcfmtsym.obj) : warning LNK4099: PDB '' was not found with 'v8_monolith.lib(dcfmtsym.obj)' or at ''; linking object as if no debug info
v8_monolith.lib(region.obj) : warning LNK4099: PDB '' was not found with 'v8_monolith.lib(region.obj)' or at ''; linking object as if no debug info
v8_monolith.lib(dtitvinf.obj) : warning LNK4099: PDB '' was not found with 'v8_monolith.lib(dtitvinf.obj)' or at ''; linking object as if no debug info
v8_monolith.lib(formattedval_iterimpl.obj) : warning LNK4099: PDB '' was not found with 'v8_monolith.lib(formattedval_iterimpl.obj)' or at ''; linking object as if no debug info
v8_monolith.lib(rbbi.obj) : warning LNK4099: PDB '' was not found with 'v8_monolith.lib(rbbi.obj)' or at ''; linking object as if no debug info
v8_monolith.lib(filteredbrk.obj) : warning LNK4099: PDB '' was not found with 'v8_monolith.lib(filteredbrk.obj)' or at ''; linking object as if no debug info
v8_monolith.lib(string_segment.obj) : warning LNK4099: PDB '' was not found with 'v8_monolith.lib(string_segment.obj)' or at ''; linking object as if no debug info
v8_monolith.lib(number_utils.obj) : warning LNK4099: PDB '' was not found with 'v8_monolith.lib(number_utils.obj)' or at ''; linking object as if no debug info
v8_monolith.lib(measunit_extra.obj) : warning LNK4099: PDB '' was not found with 'v8_monolith.lib(measunit_extra.obj)' or at ''; linking object as if no debug info
v8_monolith.lib(units_data.obj) : warning LNK4099: PDB '' was not found with 'v8_monolith.lib(units_data.obj)' or at ''; linking object as if no debug info
v8_monolith.lib(units_complexconverter.obj) : warning LNK4099: PDB '' was not found with 'v8_monolith.lib(units_complexconverter.obj)' or at ''; linking object as if no debug info
v8_monolith.lib(units_router.obj) : warning LNK4099: PDB '' was not found with 'v8_monolith.lib(units_router.obj)' or at ''; linking object as if no debug info
v8_monolith.lib(displayoptions.obj) : warning LNK4099: PDB '' was not found with 'v8_monolith.lib(displayoptions.obj)' or at ''; linking object as if no debug info
v8_monolith.lib(number_grouping.obj) : warning LNK4099: PDB '' was not found with 'v8_monolith.lib(number_grouping.obj)' or at ''; linking object as if no debug info
v8_monolith.lib(number_patternmodifier.obj) : warning LNK4099: PDB '' was not found with 'v8_monolith.lib(number_patternmodifier.obj)' or at ''; linking object as if no debug info
v8_monolith.lib(number_modifiers.obj) : warning LNK4099: PDB '' was not found with 'v8_monolith.lib(number_modifiers.obj)' or at ''; linking object as if no debug info
v8_monolith.lib(number_formatimpl.obj) : warning LNK4099: PDB '' was not found with 'v8_monolith.lib(number_formatimpl.obj)' or at ''; linking object as if no debug info
v8_monolith.lib(number_mapper.obj) : warning LNK4099: PDB '' was not found with 'v8_monolith.lib(number_mapper.obj)' or at ''; linking object as if no debug info
v8_monolith.lib(ucharstrie.obj) : warning LNK4099: PDB '' was not found with 'v8_monolith.lib(ucharstrie.obj)' or at ''; linking object as if no debug info
v8_monolith.lib(ucharstriebuilder.obj) : warning LNK4099: PDB '' was not found with 'v8_monolith.lib(ucharstriebuilder.obj)' or at ''; linking object as if no debug info
v8_monolith.lib(measure.obj) : warning LNK4099: PDB '' was not found with 'v8_monolith.lib(measure.obj)' or at ''; linking object as if no debug info
v8_monolith.lib(numrange_impl.obj) : warning LNK4099: PDB '' was not found with 'v8_monolith.lib(numrange_impl.obj)' or at ''; linking object as if no debug info
v8_monolith.lib(ustrfmt.obj) : warning LNK4099: PDB '' was not found with 'v8_monolith.lib(ustrfmt.obj)' or at ''; linking object as if no debug info
v8_monolith.lib(standardplural.obj) : warning LNK4099: PDB '' was not found with 'v8_monolith.lib(standardplural.obj)' or at ''; linking object as if no debug info
v8_monolith.lib(pluralranges.obj) : warning LNK4099: PDB '' was not found with 'v8_monolith.lib(pluralranges.obj)' or at ''; linking object as if no debug info
v8_monolith.lib(curramt.obj) : warning LNK4099: PDB '' was not found with 'v8_monolith.lib(curramt.obj)' or at ''; linking object as if no debug info
v8_monolith.lib(rbnf.obj) : warning LNK4099: PDB '' was not found with 'v8_monolith.lib(rbnf.obj)' or at ''; linking object as if no debug info
v8_monolith.lib(winnmfmt.obj) : warning LNK4099: PDB '' was not found with 'v8_monolith.lib(winnmfmt.obj)' or at ''; linking object as if no debug info
v8_monolith.lib(numparse_parsednumber.obj) : warning LNK4099: PDB '' was not found with 'v8_monolith.lib(numparse_parsednumber.obj)' or at ''; linking object as if no debug info
v8_monolith.lib(currpinf.obj) : warning LNK4099: PDB '' was not found with 'v8_monolith.lib(currpinf.obj)' or at ''; linking object as if no debug info
v8_monolith.lib(number_decimfmtprops.obj) : warning LNK4099: PDB '' was not found with 'v8_monolith.lib(number_decimfmtprops.obj)' or at ''; linking object as if no debug info
v8_monolith.lib(number_affixutils.obj) : warning LNK4099: PDB '' was not found with 'v8_monolith.lib(number_affixutils.obj)' or at ''; linking object as if no debug info
v8_monolith.lib(numparse_impl.obj) : warning LNK4099: PDB '' was not found with 'v8_monolith.lib(numparse_impl.obj)' or at ''; linking object as if no debug info
v8_monolith.lib(number_patternstring.obj) : warning LNK4099: PDB '' was not found with 'v8_monolith.lib(number_patternstring.obj)' or at ''; linking object as if no debug info
v8_monolith.lib(quantityformatter.obj) : warning LNK4099: PDB '' was not found with 'v8_monolith.lib(quantityformatter.obj)' or at ''; linking object as if no debug info
v8_monolith.lib(sharedbreakiterator.obj) : warning LNK4099: PDB '' was not found with 'v8_monolith.lib(sharedbreakiterator.obj)' or at ''; linking object as if no debug info
v8_monolith.lib(access-info.obj) : warning LNK4099: PDB '' was not found with 'v8_monolith.lib(access-info.obj)' or at ''; linking object as if no debug info
v8_monolith.lib(feedback-source.obj) : warning LNK4099: PDB '' was not found with 'v8_monolith.lib(feedback-source.obj)' or at ''; linking object as if no debug info
v8_monolith.lib(maglev-assembler-x64.obj) : warning LNK4099: PDB '' was not found with 'v8_monolith.lib(maglev-assembler-x64.obj)' or at ''; linking object as if no debug info
v8_monolith.lib(maglev-assembler.obj) : warning LNK4099: PDB '' was not found with 'v8_monolith.lib(maglev-assembler.obj)' or at ''; linking object as if no debug info
v8_monolith.lib(bytecode-analysis.obj) : warning LNK4099: PDB '' was not found with 'v8_monolith.lib(bytecode-analysis.obj)' or at ''; linking object as if no debug info
v8_monolith.lib(operator.obj) : warning LNK4099: PDB '' was not found with 'v8_monolith.lib(operator.obj)' or at ''; linking object as if no debug info
v8_monolith.lib(machine-type.obj) : warning LNK4099: PDB '' was not found with 'v8_monolith.lib(machine-type.obj)' or at ''; linking object as if no debug info
v8_monolith.lib(map-inference.obj) : warning LNK4099: PDB '' was not found with 'v8_monolith.lib(map-inference.obj)' or at ''; linking object as if no debug info
v8_monolith.lib(frame-states.obj) : warning LNK4099: PDB '' was not found with 'v8_monolith.lib(frame-states.obj)' or at ''; linking object as if no debug info
v8_monolith.lib(representation-change.obj) : warning LNK4099: PDB '' was not found with 'v8_monolith.lib(representation-change.obj)' or at ''; linking object as if no debug info
v8_monolith.lib(common-node-cache.obj) : warning LNK4099: PDB '' was not found with 'v8_monolith.lib(common-node-cache.obj)' or at ''; linking object as if no debug info
v8_monolith.lib(access-builder.obj) : warning LNK4099: PDB '' was not found with 'v8_monolith.lib(access-builder.obj)' or at ''; linking object as if no debug info
v8_monolith.lib(type-cache.obj) : warning LNK4099: PDB '' was not found with 'v8_monolith.lib(type-cache.obj)' or at ''; linking object as if no debug info
v8_monolith.lib(opcodes.obj) : warning LNK4099: PDB '' was not found with 'v8_monolith.lib(opcodes.obj)' or at ''; linking object as if no debug info
v8_monolith.lib(regexp-bytecodes.obj) : warning LNK4099: PDB '' was not found with 'v8_monolith.lib(regexp-bytecodes.obj)' or at ''; linking object as if no debug info
v8_monolith.lib(unifunct.obj) : warning LNK4099: PDB '' was not found with 'v8_monolith.lib(unifunct.obj)' or at ''; linking object as if no debug info
v8_monolith.lib(unifilt.obj) : warning LNK4099: PDB '' was not found with 'v8_monolith.lib(unifilt.obj)' or at ''; linking object as if no debug info
v8_monolith.lib(utf_impl.obj) : warning LNK4099: PDB '' was not found with 'v8_monolith.lib(utf_impl.obj)' or at ''; linking object as if no debug info
v8_monolith.lib(bmpset.obj) : warning LNK4099: PDB '' was not found with 'v8_monolith.lib(bmpset.obj)' or at ''; linking object as if no debug info
v8_monolith.lib(unisetspan.obj) : warning LNK4099: PDB '' was not found with 'v8_monolith.lib(unisetspan.obj)' or at ''; linking object as if no debug info
v8_monolith.lib(ruleiter.obj) : warning LNK4099: PDB '' was not found with 'v8_monolith.lib(ruleiter.obj)' or at ''; linking object as if no debug info
v8_monolith.lib(bytestrie.obj) : warning LNK4099: PDB '' was not found with 'v8_monolith.lib(bytestrie.obj)' or at ''; linking object as if no debug info
v8_monolith.lib(characterproperties.obj) : warning LNK4099: PDB '' was not found with 'v8_monolith.lib(characterproperties.obj)' or at ''; linking object as if no debug info
v8_monolith.lib(unames.obj) : warning LNK4099: PDB '' was not found with 'v8_monolith.lib(unames.obj)' or at ''; linking object as if no debug info
v8_monolith.lib(ucharstrieiterator.obj) : warning LNK4099: PDB '' was not found with 'v8_monolith.lib(ucharstrieiterator.obj)' or at ''; linking object as if no debug info
v8_monolith.lib(umutablecptrie.obj) : warning LNK4099: PDB '' was not found with 'v8_monolith.lib(umutablecptrie.obj)' or at ''; linking object as if no debug info
v8_monolith.lib(udataswp.obj) : warning LNK4099: PDB '' was not found with 'v8_monolith.lib(udataswp.obj)' or at ''; linking object as if no debug info
v8_monolith.lib(utrie_swap.obj) : warning LNK4099: PDB '' was not found with 'v8_monolith.lib(utrie_swap.obj)' or at ''; linking object as if no debug info
v8_monolith.lib(maglev.obj) : warning LNK4099: PDB '' was not found with 'v8_monolith.lib(maglev.obj)' or at ''; linking object as if no debug info
v8_monolith.lib(template-objects.obj) : warning LNK4099: PDB '' was not found with 'v8_monolith.lib(template-objects.obj)' or at ''; linking object as if no debug info
v8_monolith.lib(memory-tracing.obj) : warning LNK4099: PDB '' was not found with 'v8_monolith.lib(memory-tracing.obj)' or at ''; linking object as if no debug info
v8_monolith.lib(bytecode-array-writer.obj) : warning LNK4099: PDB '' was not found with 'v8_monolith.lib(bytecode-array-writer.obj)' or at ''; linking object as if no debug info
v8_monolith.lib(constant-array-builder.obj) : warning LNK4099: PDB '' was not found with 'v8_monolith.lib(constant-array-builder.obj)' or at ''; linking object as if no debug info
v8_monolith.lib(ucol_swp.obj) : warning LNK4099: PDB '' was not found with 'v8_monolith.lib(ucol_swp.obj)' or at ''; linking object as if no debug info
v8_monolith.lib(utypes.obj) : warning LNK4099: PDB '' was not found with 'v8_monolith.lib(utypes.obj)' or at ''; linking object as if no debug info
v8_monolith.lib(dtrule.obj) : warning LNK4099: PDB '' was not found with 'v8_monolith.lib(dtrule.obj)' or at ''; linking object as if no debug info
v8_monolith.lib(basictz.obj) : warning LNK4099: PDB '' was not found with 'v8_monolith.lib(basictz.obj)' or at ''; linking object as if no debug info
v8_monolith.lib(tznames_impl.obj) : warning LNK4099: PDB '' was not found with 'v8_monolith.lib(tznames_impl.obj)' or at ''; linking object as if no debug info
v8_monolith.lib(tzgnames.obj) : warning LNK4099: PDB '' was not found with 'v8_monolith.lib(tzgnames.obj)' or at ''; linking object as if no debug info
v8_monolith.lib(erarules.obj) : warning LNK4099: PDB '' was not found with 'v8_monolith.lib(erarules.obj)' or at ''; linking object as if no debug info
v8_monolith.lib(astro.obj) : warning LNK4099: PDB '' was not found with 'v8_monolith.lib(astro.obj)' or at ''; linking object as if no debug info
v8_monolith.lib(cecal.obj) : warning LNK4099: PDB '' was not found with 'v8_monolith.lib(cecal.obj)' or at ''; linking object as if no debug info
v8_monolith.lib(rbtz.obj) : warning LNK4099: PDB '' was not found with 'v8_monolith.lib(rbtz.obj)' or at ''; linking object as if no debug info
v8_monolith.lib(uhash_us.obj) : warning LNK4099: PDB '' was not found with 'v8_monolith.lib(uhash_us.obj)' or at ''; linking object as if no debug info
v8_monolith.lib(resbund.obj) : warning LNK4099: PDB '' was not found with 'v8_monolith.lib(resbund.obj)' or at ''; linking object as if no debug info
v8_monolith.lib(servlk.obj) : warning LNK4099: PDB '' was not found with 'v8_monolith.lib(servlk.obj)' or at ''; linking object as if no debug info
v8_monolith.lib(servslkf.obj) : warning LNK4099: PDB '' was not found with 'v8_monolith.lib(servslkf.obj)' or at ''; linking object as if no debug info
v8_monolith.lib(collationdatareader.obj) : warning LNK4099: PDB '' was not found with 'v8_monolith.lib(collationdatareader.obj)' or at ''; linking object as if no debug info
v8_monolith.lib(collationtailoring.obj) : warning LNK4099: PDB '' was not found with 'v8_monolith.lib(collationtailoring.obj)' or at ''; linking object as if no debug info
v8_monolith.lib(collationdatawriter.obj) : warning LNK4099: PDB '' was not found with 'v8_monolith.lib(collationdatawriter.obj)' or at ''; linking object as if no debug info
v8_monolith.lib(coleitr.obj) : warning LNK4099: PDB '' was not found with 'v8_monolith.lib(coleitr.obj)' or at ''; linking object as if no debug info
v8_monolith.lib(sortkey.obj) : warning LNK4099: PDB '' was not found with 'v8_monolith.lib(sortkey.obj)' or at ''; linking object as if no debug info
v8_monolith.lib(bocsu.obj) : warning LNK4099: PDB '' was not found with 'v8_monolith.lib(bocsu.obj)' or at ''; linking object as if no debug info
v8_monolith.lib(collationcompare.obj) : warning LNK4099: PDB '' was not found with 'v8_monolith.lib(collationcompare.obj)' or at ''; linking object as if no debug info
v8_monolith.lib(collationfastlatin.obj) : warning LNK4099: PDB '' was not found with 'v8_monolith.lib(collationfastlatin.obj)' or at ''; linking object as if no debug info
v8_monolith.lib(collationiterator.obj) : warning LNK4099: PDB '' was not found with 'v8_monolith.lib(collationiterator.obj)' or at ''; linking object as if no debug info
v8_monolith.lib(collationkeys.obj) : warning LNK4099: PDB '' was not found with 'v8_monolith.lib(collationkeys.obj)' or at ''; linking object as if no debug info
v8_monolith.lib(collationsets.obj) : warning LNK4099: PDB '' was not found with 'v8_monolith.lib(collationsets.obj)' or at ''; linking object as if no debug info
v8_monolith.lib(collationsettings.obj) : warning LNK4099: PDB '' was not found with 'v8_monolith.lib(collationsettings.obj)' or at ''; linking object as if no debug info
v8_monolith.lib(uitercollationiterator.obj) : warning LNK4099: PDB '' was not found with 'v8_monolith.lib(uitercollationiterator.obj)' or at ''; linking object as if no debug info
v8_monolith.lib(utf16collationiterator.obj) : warning LNK4099: PDB '' was not found with 'v8_monolith.lib(utf16collationiterator.obj)' or at ''; linking object as if no debug info
v8_monolith.lib(utf8collationiterator.obj) : warning LNK4099: PDB '' was not found with 'v8_monolith.lib(utf8collationiterator.obj)' or at ''; linking object as if no debug info
v8_monolith.lib(uvectr64.obj) : warning LNK4099: PDB '' was not found with 'v8_monolith.lib(uvectr64.obj)' or at ''; linking object as if no debug info
v8_monolith.lib(collation.obj) : warning LNK4099: PDB '' was not found with 'v8_monolith.lib(collation.obj)' or at ''; linking object as if no debug info
v8_monolith.lib(trees.obj) : warning LNK4099: PDB '' was not found with 'v8_monolith.lib(trees.obj)' or at ''; linking object as if no debug info
v8_monolith.lib(crc32.obj) : warning LNK4099: PDB '' was not found with 'v8_monolith.lib(crc32.obj)' or at ''; linking object as if no debug info
v8_monolith.lib(zutil.obj) : warning LNK4099: PDB '' was not found with 'v8_monolith.lib(zutil.obj)' or at ''; linking object as if no debug info
v8_monolith.lib(inftrees.obj) : warning LNK4099: PDB '' was not found with 'v8_monolith.lib(inftrees.obj)' or at ''; linking object as if no debug info
v8_monolith.lib(inffast_chunk.obj) : warning LNK4099: PDB '' was not found with 'v8_monolith.lib(inffast_chunk.obj)' or at ''; linking object as if no debug info
v8_monolith.lib(node-marker.obj) : warning LNK4099: PDB '' was not found with 'v8_monolith.lib(node-marker.obj)' or at ''; linking object as if no debug info
v8_monolith.lib(node-observer.obj) : warning LNK4099: PDB '' was not found with 'v8_monolith.lib(node-observer.obj)' or at ''; linking object as if no debug info
v8_monolith.lib(value-type.obj) : warning LNK4099: PDB '' was not found with 'v8_monolith.lib(value-type.obj)' or at ''; linking object as if no debug info
v8_monolith.lib(gap-resolver.obj) : warning LNK4099: PDB '' was not found with 'v8_monolith.lib(gap-resolver.obj)' or at ''; linking object as if no debug info
v8_monolith.lib(eh-frame.obj) : warning LNK4099: PDB '' was not found with 'v8_monolith.lib(eh-frame.obj)' or at ''; linking object as if no debug info
v8_monolith.lib(unwinding-info-writer-x64.obj) : warning LNK4099: PDB '' was not found with 'v8_monolith.lib(unwinding-info-writer-x64.obj)' or at ''; linking object as if no debug info
v8_monolith.lib(code-generator-x64.obj) : warning LNK4099: PDB '' was not found with 'v8_monolith.lib(code-generator-x64.obj)' or at ''; linking object as if no debug info
v8_monolith.lib(instruction-scheduler.obj) : warning LNK4099: PDB '' was not found with 'v8_monolith.lib(instruction-scheduler.obj)' or at ''; linking object as if no debug info
v8_monolith.lib(instruction-scheduler-x64.obj) : warning LNK4099: PDB '' was not found with 'v8_monolith.lib(instruction-scheduler-x64.obj)' or at ''; linking object as if no debug info
v8_monolith.lib(state-values-utils.obj) : warning LNK4099: PDB '' was not found with 'v8_monolith.lib(state-values-utils.obj)' or at ''; linking object as if no debug info
v8_monolith.lib(spill-placer.obj) : warning LNK4099: PDB '' was not found with 'v8_monolith.lib(spill-placer.obj)' or at ''; linking object as if no debug info
v8_monolith.lib(js-type-hint-lowering.obj) : warning LNK4099: PDB '' was not found with 'v8_monolith.lib(js-type-hint-lowering.obj)' or at ''; linking object as if no debug info
v8_monolith.lib(node-matchers.obj) : warning LNK4099: PDB '' was not found with 'v8_monolith.lib(node-matchers.obj)' or at ''; linking object as if no debug info
v8_monolith.lib(string-builder-optimizer.obj) : warning LNK4099: PDB '' was not found with 'v8_monolith.lib(string-builder-optimizer.obj)' or at ''; linking object as if no debug info
v8_monolith.lib(operation-typer.obj) : warning LNK4099: PDB '' was not found with 'v8_monolith.lib(operation-typer.obj)' or at ''; linking object as if no debug info
v8_monolith.lib(js-inlining.obj) : warning LNK4099: PDB '' was not found with 'v8_monolith.lib(js-inlining.obj)' or at ''; linking object as if no debug info
v8_monolith.lib(property-access-builder.obj) : warning LNK4099: PDB '' was not found with 'v8_monolith.lib(property-access-builder.obj)' or at ''; linking object as if no debug info
v8_monolith.lib(division-by-constant.obj) : warning LNK4099: PDB '' was not found with 'v8_monolith.lib(division-by-constant.obj)' or at ''; linking object as if no debug info
v8_monolith.lib(memory-lowering.obj) : warning LNK4099: PDB '' was not found with 'v8_monolith.lib(memory-lowering.obj)' or at ''; linking object as if no debug info
v8_monolith.lib(control-equivalence.obj) : warning LNK4099: PDB '' was not found with 'v8_monolith.lib(control-equivalence.obj)' or at ''; linking object as if no debug info
v8_monolith.lib(simplified-lowering-verifier.obj) : warning LNK4099: PDB '' was not found with 'v8_monolith.lib(simplified-lowering-verifier.obj)' or at ''; linking object as if no debug info
v8_monolith.lib(types.obj) : warning LNK4099: PDB '' was not found with 'v8_monolith.lib(types.obj)' or at ''; linking object as if no debug info
v8_monolith.lib(operations.obj) : warning LNK4099: PDB '' was not found with 'v8_monolith.lib(operations.obj)' or at ''; linking object as if no debug info
v8_monolith.lib(graph.obj) : warning LNK4099: PDB '' was not found with 'v8_monolith.lib(graph.obj)' or at ''; linking object as if no debug info
v8_monolith.lib(graph-visualizer.obj) : warning LNK4099: PDB '' was not found with 'v8_monolith.lib(graph-visualizer.obj)' or at ''; linking object as if no debug info
v8_monolith.lib(graph-builder.obj) : warning LNK4099: PDB '' was not found with 'v8_monolith.lib(graph-builder.obj)' or at ''; linking object as if no debug info
v8_monolith.lib(optimization-phase.obj) : warning LNK4099: PDB '' was not found with 'v8_monolith.lib(optimization-phase.obj)' or at ''; linking object as if no debug info
v8_monolith.lib(decompression-optimization.obj) : warning LNK4099: PDB '' was not found with 'v8_monolith.lib(decompression-optimization.obj)' or at ''; linking object as if no debug info
v8_monolith.lib(assembler.obj) : warning LNK4099: PDB '' was not found with 'v8_monolith.lib(assembler.obj)' or at ''; linking object as if no debug info
v8_monolith.lib(late-escape-analysis-reducer.obj) : warning LNK4099: PDB '' was not found with 'v8_monolith.lib(late-escape-analysis-reducer.obj)' or at ''; linking object as if no debug info
v8_monolith.lib(memory-optimization-reducer.obj) : warning LNK4099: PDB '' was not found with 'v8_monolith.lib(memory-optimization-reducer.obj)' or at ''; linking object as if no debug info
v8_monolith.lib(recreate-schedule.obj) : warning LNK4099: PDB '' was not found with 'v8_monolith.lib(recreate-schedule.obj)' or at ''; linking object as if no debug info
v8_monolith.lib(typer.obj) : warning LNK4099: PDB '' was not found with 'v8_monolith.lib(typer.obj)' or at ''; linking object as if no debug info
v8_monolith.lib(utmscale.obj) : warning LNK4099: PDB '' was not found with 'v8_monolith.lib(utmscale.obj)' or at ''; linking object as if no debug info
v8_monolith.lib(wintzimpl.obj) : warning LNK4099: PDB '' was not found with 'v8_monolith.lib(wintzimpl.obj)' or at ''; linking object as if no debug info
v8_monolith.lib(ustr_titlecase_brkiter.obj) : warning LNK4099: PDB '' was not found with 'v8_monolith.lib(ustr_titlecase_brkiter.obj)' or at ''; linking object as if no debug info
v8_monolith.lib(messagepattern.obj) : warning LNK4099: PDB '' was not found with 'v8_monolith.lib(messagepattern.obj)' or at ''; linking object as if no debug info
v8_monolith.lib(choicfmt.obj) : warning LNK4099: PDB '' was not found with 'v8_monolith.lib(choicfmt.obj)' or at ''; linking object as if no debug info
v8_monolith.lib(plurfmt.obj) : warning LNK4099: PDB '' was not found with 'v8_monolith.lib(plurfmt.obj)' or at ''; linking object as if no debug info
v8_monolith.lib(number_asformat.obj) : warning LNK4099: PDB '' was not found with 'v8_monolith.lib(number_asformat.obj)' or at ''; linking object as if no debug info
v8_monolith.lib(selfmt.obj) : warning LNK4099: PDB '' was not found with 'v8_monolith.lib(selfmt.obj)' or at ''; linking object as if no debug info
v8_monolith.lib(umsg.obj) : warning LNK4099: PDB '' was not found with 'v8_monolith.lib(umsg.obj)' or at ''; linking object as if no debug info
v8_monolith.lib(double-conversion-string-to-double.obj) : warning LNK4099: PDB '' was not found with 'v8_monolith.lib(double-conversion-string-to-double.obj)' or at ''; linking object as if no debug info
v8_monolith.lib(double-conversion-double-to-string.obj) : warning LNK4099: PDB '' was not found with 'v8_monolith.lib(double-conversion-double-to-string.obj)' or at ''; linking object as if no debug info
v8_monolith.lib(utext.obj) : warning LNK4099: PDB '' was not found with 'v8_monolith.lib(utext.obj)' or at ''; linking object as if no debug info
v8_monolith.lib(schriter.obj) : warning LNK4099: PDB '' was not found with 'v8_monolith.lib(schriter.obj)' or at ''; linking object as if no debug info
v8_monolith.lib(brkeng.obj) : warning LNK4099: PDB '' was not found with 'v8_monolith.lib(brkeng.obj)' or at ''; linking object as if no debug info
v8_monolith.lib(rbbidata.obj) : warning LNK4099: PDB '' was not found with 'v8_monolith.lib(rbbidata.obj)' or at ''; linking object as if no debug info
v8_monolith.lib(rbbi_cache.obj) : warning LNK4099: PDB '' was not found with 'v8_monolith.lib(rbbi_cache.obj)' or at ''; linking object as if no debug info
v8_monolith.lib(ustack.obj) : warning LNK4099: PDB '' was not found with 'v8_monolith.lib(ustack.obj)' or at ''; linking object as if no debug info
v8_monolith.lib(rbbirb.obj) : warning LNK4099: PDB '' was not found with 'v8_monolith.lib(rbbirb.obj)' or at ''; linking object as if no debug info
v8_monolith.lib(decContext.obj) : warning LNK4099: PDB '' was not found with 'v8_monolith.lib(decContext.obj)' or at ''; linking object as if no debug info
v8_monolith.lib(decNumber.obj) : warning LNK4099: PDB '' was not found with 'v8_monolith.lib(decNumber.obj)' or at ''; linking object as if no debug info
v8_monolith.lib(bytestriebuilder.obj) : warning LNK4099: PDB '' was not found with 'v8_monolith.lib(bytestriebuilder.obj)' or at ''; linking object as if no debug info
v8_monolith.lib(units_converter.obj) : warning LNK4099: PDB '' was not found with 'v8_monolith.lib(units_converter.obj)' or at ''; linking object as if no debug info
v8_monolith.lib(number_currencysymbols.obj) : warning LNK4099: PDB '' was not found with 'v8_monolith.lib(number_currencysymbols.obj)' or at ''; linking object as if no debug info
v8_monolith.lib(number_padding.obj) : warning LNK4099: PDB '' was not found with 'v8_monolith.lib(number_padding.obj)' or at ''; linking object as if no debug info
v8_monolith.lib(number_scientific.obj) : warning LNK4099: PDB '' was not found with 'v8_monolith.lib(number_scientific.obj)' or at ''; linking object as if no debug info
v8_monolith.lib(number_longnames.obj) : warning LNK4099: PDB '' was not found with 'v8_monolith.lib(number_longnames.obj)' or at ''; linking object as if no debug info
v8_monolith.lib(number_compact.obj) : warning LNK4099: PDB '' was not found with 'v8_monolith.lib(number_compact.obj)' or at ''; linking object as if no debug info
v8_monolith.lib(stringtriebuilder.obj) : warning LNK4099: PDB '' was not found with 'v8_monolith.lib(stringtriebuilder.obj)' or at ''; linking object as if no debug info
v8_monolith.lib(collationbuilder.obj) : warning LNK4099: PDB '' was not found with 'v8_monolith.lib(collationbuilder.obj)' or at ''; linking object as if no debug info
v8_monolith.lib(nfrule.obj) : warning LNK4099: PDB '' was not found with 'v8_monolith.lib(nfrule.obj)' or at ''; linking object as if no debug info
v8_monolith.lib(nfrs.obj) : warning LNK4099: PDB '' was not found with 'v8_monolith.lib(nfrs.obj)' or at ''; linking object as if no debug info
v8_monolith.lib(numparse_decimal.obj) : warning LNK4099: PDB '' was not found with 'v8_monolith.lib(numparse_decimal.obj)' or at ''; linking object as if no debug info
v8_monolith.lib(numparse_symbols.obj) : warning LNK4099: PDB '' was not found with 'v8_monolith.lib(numparse_symbols.obj)' or at ''; linking object as if no debug info
v8_monolith.lib(numparse_scientific.obj) : warning LNK4099: PDB '' was not found with 'v8_monolith.lib(numparse_scientific.obj)' or at ''; linking object as if no debug info
v8_monolith.lib(numparse_compositions.obj) : warning LNK4099: PDB '' was not found with 'v8_monolith.lib(numparse_compositions.obj)' or at ''; linking object as if no debug info
v8_monolith.lib(numparse_currency.obj) : warning LNK4099: PDB '' was not found with 'v8_monolith.lib(numparse_currency.obj)' or at ''; linking object as if no debug info
v8_monolith.lib(numparse_affixes.obj) : warning LNK4099: PDB '' was not found with 'v8_monolith.lib(numparse_affixes.obj)' or at ''; linking object as if no debug info
v8_monolith.lib(numparse_validators.obj) : warning LNK4099: PDB '' was not found with 'v8_monolith.lib(numparse_validators.obj)' or at ''; linking object as if no debug info
v8_monolith.lib(bytecode-liveness-map.obj) : warning LNK4099: PDB '' was not found with 'v8_monolith.lib(bytecode-liveness-map.obj)' or at ''; linking object as if no debug info
v8_monolith.lib(bytecode-array-random-iterator.obj) : warning LNK4099: PDB '' was not found with 'v8_monolith.lib(bytecode-array-random-iterator.obj)' or at ''; linking object as if no debug info
v8_monolith.lib(uset.obj) : warning LNK4099: PDB '' was not found with 'v8_monolith.lib(uset.obj)' or at ''; linking object as if no debug info
v8_monolith.lib(collationfcd.obj) : warning LNK4099: PDB '' was not found with 'v8_monolith.lib(collationfcd.obj)' or at ''; linking object as if no debug info
v8_monolith.lib(crc_folding.obj) : warning LNK4099: PDB '' was not found with 'v8_monolith.lib(crc_folding.obj)' or at ''; linking object as if no debug info
v8_monolith.lib(crc32_simd.obj) : warning LNK4099: PDB '' was not found with 'v8_monolith.lib(crc32_simd.obj)' or at ''; linking object as if no debug info
v8_monolith.lib(eh-frame-x64.obj) : warning LNK4099: PDB '' was not found with 'v8_monolith.lib(eh-frame-x64.obj)' or at ''; linking object as if no debug info
v8_monolith.lib(code-comments.obj) : warning LNK4099: PDB '' was not found with 'v8_monolith.lib(code-comments.obj)' or at ''; linking object as if no debug info
v8_monolith.lib(type-parser.obj) : warning LNK4099: PDB '' was not found with 'v8_monolith.lib(type-parser.obj)' or at ''; linking object as if no debug info
v8_monolith.lib(representations.obj) : warning LNK4099: PDB '' was not found with 'v8_monolith.lib(representations.obj)' or at ''; linking object as if no debug info
v8_monolith.lib(double-conversion-strtod.obj) : warning LNK4099: PDB '' was not found with 'v8_monolith.lib(double-conversion-strtod.obj)' or at ''; linking object as if no debug info
v8_monolith.lib(double-conversion-bignum-dtoa.obj) : warning LNK4099: PDB '' was not found with 'v8_monolith.lib(double-conversion-bignum-dtoa.obj)' or at ''; linking object as if no debug info
v8_monolith.lib(double-conversion-fast-dtoa.obj) : warning LNK4099: PDB '' was not found with 'v8_monolith.lib(double-conversion-fast-dtoa.obj)' or at ''; linking object as if no debug info
v8_monolith.lib(uchriter.obj) : warning LNK4099: PDB '' was not found with 'v8_monolith.lib(uchriter.obj)' or at ''; linking object as if no debug info
v8_monolith.lib(dictbe.obj) : warning LNK4099: PDB '' was not found with 'v8_monolith.lib(dictbe.obj)' or at ''; linking object as if no debug info
v8_monolith.lib(lstmbe.obj) : warning LNK4099: PDB '' was not found with 'v8_monolith.lib(lstmbe.obj)' or at ''; linking object as if no debug info
v8_monolith.lib(dictionarydata.obj) : warning LNK4099: PDB '' was not found with 'v8_monolith.lib(dictionarydata.obj)' or at ''; linking object as if no debug info
v8_monolith.lib(rbbinode.obj) : warning LNK4099: PDB '' was not found with 'v8_monolith.lib(rbbinode.obj)' or at ''; linking object as if no debug info
v8_monolith.lib(rbbiscan.obj) : warning LNK4099: PDB '' was not found with 'v8_monolith.lib(rbbiscan.obj)' or at ''; linking object as if no debug info
v8_monolith.lib(rbbisetb.obj) : warning LNK4099: PDB '' was not found with 'v8_monolith.lib(rbbisetb.obj)' or at ''; linking object as if no debug info
v8_monolith.lib(rbbitblb.obj) : warning LNK4099: PDB '' was not found with 'v8_monolith.lib(rbbitblb.obj)' or at ''; linking object as if no debug info
v8_monolith.lib(caniter.obj) : warning LNK4099: PDB '' was not found with 'v8_monolith.lib(caniter.obj)' or at ''; linking object as if no debug info
v8_monolith.lib(uset_props.obj) : warning LNK4099: PDB '' was not found with 'v8_monolith.lib(uset_props.obj)' or at ''; linking object as if no debug info
v8_monolith.lib(ucol_sit.obj) : warning LNK4099: PDB '' was not found with 'v8_monolith.lib(ucol_sit.obj)' or at ''; linking object as if no debug info
v8_monolith.lib(collationrootelements.obj) : warning LNK4099: PDB '' was not found with 'v8_monolith.lib(collationrootelements.obj)' or at ''; linking object as if no debug info
v8_monolith.lib(collationruleparser.obj) : warning LNK4099: PDB '' was not found with 'v8_monolith.lib(collationruleparser.obj)' or at ''; linking object as if no debug info
v8_monolith.lib(collationdatabuilder.obj) : warning LNK4099: PDB '' was not found with 'v8_monolith.lib(collationdatabuilder.obj)' or at ''; linking object as if no debug info
v8_monolith.lib(collationweights.obj) : warning LNK4099: PDB '' was not found with 'v8_monolith.lib(collationweights.obj)' or at ''; linking object as if no debug info
v8_monolith.lib(nfsubs.obj) : warning LNK4099: PDB '' was not found with 'v8_monolith.lib(nfsubs.obj)' or at ''; linking object as if no debug info
v8_monolith.lib(double-conversion-bignum.obj) : warning LNK4099: PDB '' was not found with 'v8_monolith.lib(double-conversion-bignum.obj)' or at ''; linking object as if no debug info
v8_monolith.lib(double-conversion-cached-powers.obj) : warning LNK4099: PDB '' was not found with 'v8_monolith.lib(double-conversion-cached-powers.obj)' or at ''; linking object as if no debug info
v8_monolith.lib(chariter.obj) : warning LNK4099: PDB '' was not found with 'v8_monolith.lib(chariter.obj)' or at ''; linking object as if no debug info
v8_monolith.lib(rbbistbl.obj) : warning LNK4099: PDB '' was not found with 'v8_monolith.lib(rbbistbl.obj)' or at ''; linking object as if no debug info
v8_monolith.lib(utrie2_builder.obj) : warning LNK4099: PDB '' was not found with 'v8_monolith.lib(utrie2_builder.obj)' or at ''; linking object as if no debug info
v8_monolith.lib(collationfastlatinbuilder.obj) : warning LNK4099: PDB '' was not found with 'v8_monolith.lib(collationfastlatinbuilder.obj)' or at ''; linking object as if no debug info
v8_monolith.lib(utrie.obj) : warning LNK4099: PDB '' was not found with 'v8_monolith.lib(utrie.obj)' or at ''; linking object as if no debug info
  ElectronInjector.vcxproj -> C:\Users\Administrator\source\repos\ElectronInjector\x64\Release\ElectronInjector.dll
